UPDATE A_ACCOUNT_LIST SET DISUSE_FLAG='H' WHERE USER_ID=-101502;
UPDATE A_ACCOUNT_LIST_JNL SET DISUSE_FLAG='H' WHERE USER_ID=-101502;

ALTER TABLE C_STM_LIST MODIFY COLUMN LOGIN_PW TEXT;
ALTER TABLE C_STM_LIST MODIFY COLUMN LOGIN_PW_ANSIBLE_VAULT TEXT;
ALTER TABLE C_STM_LIST ADD COLUMN PIONEER_LANG_ID INT AFTER OS_TYPE_ID;
ALTER TABLE C_STM_LIST_JNL MODIFY COLUMN LOGIN_PW TEXT;
ALTER TABLE C_STM_LIST_JNL MODIFY COLUMN LOGIN_PW_ANSIBLE_VAULT TEXT;
ALTER TABLE C_STM_LIST_JNL ADD COLUMN PIONEER_LANG_ID INT AFTER OS_TYPE_ID;

ALTER TABLE B_DP_STATUS ADD COLUMN EXECUTE_USER INT AFTER FILE_NAME;
ALTER TABLE B_DP_STATUS_JNL ADD COLUMN EXECUTE_USER INT AFTER FILE_NAME;

ALTER TABLE C_CONDUCTOR_INSTANCE_MNG ADD COLUMN EXEC_LOG TEXT AFTER TIME_END;
ALTER TABLE C_CONDUCTOR_INSTANCE_MNG_JNL ADD COLUMN EXEC_LOG TEXT AFTER TIME_END;


CREATE OR REPLACE VIEW E_STM_LIST 
AS 

SELECT TAB_A.SYSTEM_ID                        SYSTEM_ID                     ,
       TAB_A.HARDAWRE_TYPE_ID                 HARDAWRE_TYPE_ID              ,
       TAB_A.HOSTNAME                         HOSTNAME                      ,
       CONCAT(TAB_A.SYSTEM_ID,':',TAB_A.HOSTNAME) HOST_PULLDOWN,
       TAB_A.IP_ADDRESS                       IP_ADDRESS                    ,
       TAB_A.PROTOCOL_ID                      PROTOCOL_ID                   ,
       TAB_A.LOGIN_USER                       LOGIN_USER                    ,
       TAB_A.LOGIN_PW_HOLD_FLAG               LOGIN_PW_HOLD_FLAG            ,
       TAB_A.LOGIN_PW                         LOGIN_PW                      ,
       TAB_A.ETH_WOL_MAC_ADDRESS              ETH_WOL_MAC_ADDRESS           ,
       TAB_A.ETH_WOL_NET_DEVICE               ETH_WOL_NET_DEVICE            ,
       TAB_A.LOGIN_AUTH_TYPE                  LOGIN_AUTH_TYPE               ,
       TAB_A.WINRM_PORT                       WINRM_PORT                    ,
       TAB_A.OS_TYPE_ID                       OS_TYPE_ID                    ,
       TAB_A.PIONEER_LANG_ID                  PIONEER_LANG_ID               ,
       
       TAB_A.HOSTNAME                         SYSTEM_NAME                   ,
       TAB_A.COBBLER_PROFILE_ID               COBBLER_PROFILE_ID            ,
       TAB_A.INTERFACE_TYPE                   INTERFACE_TYPE                ,
       TAB_A.MAC_ADDRESS                      MAC_ADDRESS                   ,
       TAB_A.NETMASK                          NETMASK                       ,
       TAB_A.GATEWAY                          GATEWAY                       ,
       TAB_A.STATIC                           STATIC                        ,

       TAB_A.CONN_SSH_KEY_FILE                CONN_SSH_KEY_FILE             ,
       TAB_A.SSH_KEY_FILE_PASSPHRASE          SSH_KEY_FILE_PASSPHRASE       ,

       TAB_A.DISP_SEQ                         DISP_SEQ                      ,
       TAB_A.ACCESS_AUTH                      ACCESS_AUTH                   ,
       TAB_A.NOTE                             NOTE                          ,
       TAB_A.DISUSE_FLAG                      DISUSE_FLAG                   ,
       TAB_A.LAST_UPDATE_TIMESTAMP            LAST_UPDATE_TIMESTAMP         ,
       TAB_A.LAST_UPDATE_USER                 LAST_UPDATE_USER

FROM C_STM_LIST TAB_A;

CREATE OR REPLACE VIEW E_STM_LIST_JNL 
AS 

SELECT TAB_A.JOURNAL_SEQ_NO                   JOURNAL_SEQ_NO                ,
       TAB_A.JOURNAL_REG_DATETIME             JOURNAL_REG_DATETIME          ,
       TAB_A.JOURNAL_ACTION_CLASS             JOURNAL_ACTION_CLASS          ,

       TAB_A.SYSTEM_ID                        SYSTEM_ID                     ,
       TAB_A.HARDAWRE_TYPE_ID                 HARDAWRE_TYPE_ID              ,
       TAB_A.HOSTNAME                         HOSTNAME                      ,
       CONCAT(TAB_A.SYSTEM_ID,':',TAB_A.HOSTNAME) HOST_PULLDOWN,
       TAB_A.IP_ADDRESS                       IP_ADDRESS                    ,
       TAB_A.PROTOCOL_ID                      PROTOCOL_ID                   ,
       TAB_A.LOGIN_USER                       LOGIN_USER                    ,
       TAB_A.LOGIN_PW_HOLD_FLAG               LOGIN_PW_HOLD_FLAG            ,
       TAB_A.LOGIN_PW                         LOGIN_PW                      ,
       TAB_A.ETH_WOL_MAC_ADDRESS              ETH_WOL_MAC_ADDRESS           ,
       TAB_A.ETH_WOL_NET_DEVICE               ETH_WOL_NET_DEVICE            ,
       TAB_A.LOGIN_AUTH_TYPE                  LOGIN_AUTH_TYPE               ,
       TAB_A.WINRM_PORT                       WINRM_PORT                    ,
       TAB_A.OS_TYPE_ID                       OS_TYPE_ID                    ,
       TAB_A.PIONEER_LANG_ID                  PIONEER_LANG_ID               ,

       TAB_A.HOSTNAME                         SYSTEM_NAME                   ,
       TAB_A.COBBLER_PROFILE_ID               COBBLER_PROFILE_ID            ,
       TAB_A.INTERFACE_TYPE                   INTERFACE_TYPE                ,
       TAB_A.MAC_ADDRESS                      MAC_ADDRESS                   ,
       TAB_A.NETMASK                          NETMASK                       ,
       TAB_A.GATEWAY                          GATEWAY                       ,
       TAB_A.STATIC                           STATIC                        ,

       TAB_A.CONN_SSH_KEY_FILE                CONN_SSH_KEY_FILE             ,
       TAB_A.SSH_KEY_FILE_PASSPHRASE          SSH_KEY_FILE_PASSPHRASE       ,

       TAB_A.DISP_SEQ                         DISP_SEQ                      ,
       TAB_A.ACCESS_AUTH                      ACCESS_AUTH                   ,
       TAB_A.NOTE                             NOTE                          ,
       TAB_A.DISUSE_FLAG                      DISUSE_FLAG                   ,
       TAB_A.LAST_UPDATE_TIMESTAMP            LAST_UPDATE_TIMESTAMP         ,
       TAB_A.LAST_UPDATE_USER                 LAST_UPDATE_USER

FROM C_STM_LIST_JNL TAB_A;


-- -------------------------------------------------------
-- --Excel一括
-- -------------------------------------------------------
CREATE TABLE B_BULK_EXCEL_TASK
(
TASK_ID                           INT                              , -- 識別シーケンス
TASK_STATUS                       INT                              , -- タスクのステータス
TASK_TYPE                         INT                              , -- タスクの種類
FILE_NAME                         TEXT                             , -- ファイル名
RESULT_FILE_NAME                  TEXT                             , -- 結果ファイル
EXECUTE_USER                      INT                              , -- 実行ユーザ
ABOLISHED_TYPE                    INT                              , -- 廃止情報
DISP_SEQ                          INT                              , -- 表示順
NOTE                              VARCHAR (4000)                   , -- 備考
ACCESS_AUTH                       TEXT                             ,
DISUSE_FLAG                       VARCHAR (1)                      , -- 廃止フラグ
LAST_UPDATE_USER                  INT                              , -- 最終更新ユーザ
LAST_UPDATE_TIMESTAMP             DATETIME(6)                      , -- 最終更新日時
PRIMARY KEY(TASK_ID)
)ENGINE = InnoDB, CHARSET = utf8, COLLATE = utf8_bin, ROW_FORMAT=COMPRESSED ,KEY_BLOCK_SIZE=8;

CREATE TABLE B_BULK_EXCEL_TASK_JNL
(
JOURNAL_SEQ_NO                    INT                              , -- 履歴用シーケンス
JOURNAL_REG_DATETIME              DATETIME(6)                      , -- 履歴用変更日時
JOURNAL_ACTION_CLASS              VARCHAR (8)                      , -- 履歴用変更種別

TASK_ID                           INT                              , -- 識別シーケンス
TASK_STATUS                       INT                              , -- ステータス
TASK_TYPE                         INT                              , -- 処理種別
FILE_NAME                         TEXT                             , -- ファイル名
RESULT_FILE_NAME                  TEXT                             , -- 結果ファイル
EXECUTE_USER                      INT                              , -- 実行ユーザ
ABOLISHED_TYPE                    INT                              , -- 廃止情報
DISP_SEQ                          INT                              , -- 表示順序
ACCESS_AUTH                       TEXT                             ,
NOTE                              VARCHAR (4000)                   , -- 備考
DISUSE_FLAG                       VARCHAR (1)                      , -- 廃止フラグ
LAST_UPDATE_TIMESTAMP             DATETIME(6)                      , -- 最終更新日時
LAST_UPDATE_USER                  INT                              , -- 最終更新ユーザ
PRIMARY KEY (JOURNAL_SEQ_NO)
)ENGINE = InnoDB, CHARSET = utf8, COLLATE = utf8_bin, ROW_FORMAT=COMPRESSED ,KEY_BLOCK_SIZE=8;

CREATE TABLE B_BULK_EXCEL_ABOLISHED_TYPE
(
ROW_ID                            INT                               , -- 識別シーケンス
ABOLISHED_TYPE                    VARCHAR (100)                     , -- 廃止情報
ACCESS_AUTH                       TEXT                              ,
NOTE                              VARCHAR (4000)                    , -- 備考
DISUSE_FLAG                       VARCHAR (1)                       , -- 廃止フラグ
LAST_UPDATE_TIMESTAMP             DATETIME(6)                       , -- 最終更新日時
LAST_UPDATE_USER                  INT                               , -- 最終更新ユーザ
PRIMARY KEY (ROW_ID)
)ENGINE = InnoDB, CHARSET = utf8, COLLATE = utf8_bin, ROW_FORMAT=COMPRESSED ,KEY_BLOCK_SIZE=8;

CREATE TABLE B_BULK_EXCEL_NG_MENU_LIST
(
ROW_ID                            INT                               , -- 識別シーケンス
MENU_ID                           INT                               , -- メニューID
ACCESS_AUTH                       TEXT                              ,
NOTE                              VARCHAR (4000)                    , -- 備考
DISUSE_FLAG                       VARCHAR (1)                       , -- 廃止フラグ
LAST_UPDATE_TIMESTAMP             DATETIME(6)                       , -- 最終更新日時
LAST_UPDATE_USER                  INT                               , -- 最終更新ユーザ
PRIMARY KEY (ROW_ID)
)ENGINE = InnoDB, CHARSET = utf8, COLLATE = utf8_bin, ROW_FORMAT=COMPRESSED ,KEY_BLOCK_SIZE=8;


UPDATE A_SEQUENCE SET DISP_SEQ=2100120326 WHERE NAME='B_ER_DATA_RIC';

UPDATE A_SEQUENCE SET DISP_SEQ=2100120327 WHERE NAME='B_ER_MENU_TABLE_LINK_LIST_RIC';

INSERT INTO A_SEQUENCE (NAME,VALUE,MENU_ID,DISP_SEQ,NOTE,LAST_UPDATE_TIMESTAMP) VALUES('B_BULK_EXCEL_TASK_RIC',1,'2100000331',2100130331,NULL,STR_TO_DATE('2015/04/01 10:00:00.000000','%Y/%m/%d %H:%i:%s.%f'));

INSERT INTO A_SEQUENCE (NAME,VALUE,MENU_ID,DISP_SEQ,NOTE,LAST_UPDATE_TIMESTAMP) VALUES('B_BULK_EXCEL_TASK_JSQ',1,'2100000331',2100130332,'履歴テーブル用',STR_TO_DATE('2015/04/01 10:00:00.000000','%Y/%m/%d %H:%i:%s.%f'));


UPDATE A_SYSTEM_CONFIG_LIST SET NOTE=CONCAT('パスワードの有効期間(日数)','\n','正の数(整数のみ)：上記の通り、初回ログイン時のパスワード変更が有効となる','\n','ゼロ以下：永久に有効（利用可能）となる') WHERE ITEM_ID=2100000007;
UPDATE A_SYSTEM_CONFIG_LIST_JNL SET NOTE=CONCAT('パスワードの有効期間(日数)','\n','正の数(整数のみ)：上記の通り、初回ログイン時のパスワード変更が有効となる','\n','ゼロ以下：永久に有効（利用可能）となる') WHERE ITEM_ID=2100000007;

INSERT INTO A_SYSTEM_CONFIG_LIST (ITEM_ID,CONFIG_ID,CONFIG_NAME,VALUE,NOTE,DISUSE_FLAG,LAST_UPDATE_TIMESTAMP,LAST_UPDATE_USER) VALUES(2100000011,'INTERVAL_TIME','Symphony / Conductor インターバル時間（分）','3',CONCAT('定期作業実行に登録されたSymphony・Conductorが未実行（予約）ステータスに遷移するまでのインターバル時間（分）','\n','1～525600：設定した値','\n','上記以外：3'),'0',STR_TO_DATE('2015/04/01 10:00:00.000000','%Y/%m/%d %H:%i:%s.%f'),1);
INSERT INTO A_SYSTEM_CONFIG_LIST_JNL (JOURNAL_SEQ_NO,JOURNAL_REG_DATETIME,JOURNAL_ACTION_CLASS,ITEM_ID,CONFIG_ID,CONFIG_NAME,VALUE,NOTE,DISUSE_FLAG,LAST_UPDATE_TIMESTAMP,LAST_UPDATE_USER) VALUES(-11,STR_TO_DATE('2015/04/01 10:00:00.000000','%Y/%m/%d %H:%i:%s.%f'),'INSERT',2100000011,'INTERVAL_TIME','Symphony / Conductor インターバル時間（分）','3',CONCAT('定期作業実行に登録されたSymphony・Conductorが未実行（予約）ステータスに遷移するまでのインターバル時間（分）','\n','1～525600：設定した値','\n','上記以外：3'),'0',STR_TO_DATE('2015/04/01 10:00:00.000000','%Y/%m/%d %H:%i:%s.%f'),1);


UPDATE A_MENU_LIST SET MENU_NAME='メニューエクスポート・インポート管理' WHERE MENU_ID=2100000213;
UPDATE A_MENU_LIST_JNL SET MENU_NAME='メニューエクスポート・インポート管理' WHERE MENU_ID=2100000213;

INSERT INTO A_MENU_LIST (MENU_ID,MENU_GROUP_ID,MENU_NAME,WEB_PRINT_LIMIT,WEB_PRINT_CONFIRM,XLS_PRINT_LIMIT,LOGIN_NECESSITY,SERVICE_STATUS,AUTOFILTER_FLG,INITIAL_FILTER_FLG,DISP_SEQ,NOTE,DISUSE_FLAG,LAST_UPDATE_TIMESTAMP,LAST_UPDATE_USER) VALUES(2100000329,2100000004,'Excel一括エクスポート',NULL,NULL,NULL,1,0,2,2,80,NULL,'0',STR_TO_DATE('2015/04/01 10:00:00.000000','%Y/%m/%d %H:%i:%s.%f'),1);
INSERT INTO A_MENU_LIST_JNL (JOURNAL_SEQ_NO,JOURNAL_REG_DATETIME,JOURNAL_ACTION_CLASS,MENU_ID,MENU_GROUP_ID,MENU_NAME,WEB_PRINT_LIMIT,WEB_PRINT_CONFIRM,XLS_PRINT_LIMIT,LOGIN_NECESSITY,SERVICE_STATUS,AUTOFILTER_FLG,INITIAL_FILTER_FLG,DISP_SEQ,NOTE,DISUSE_FLAG,LAST_UPDATE_TIMESTAMP,LAST_UPDATE_USER) VALUES(-300329,STR_TO_DATE('2015/04/01 10:00:00.000000','%Y/%m/%d %H:%i:%s.%f'),'INSERT',2100000329,2100000004,'Excel一括エクスポート',NULL,NULL,NULL,1,0,2,2,80,NULL,'0',STR_TO_DATE('2015/04/01 10:00:00.000000','%Y/%m/%d %H:%i:%s.%f'),1);
INSERT INTO A_MENU_LIST (MENU_ID,MENU_GROUP_ID,MENU_NAME,WEB_PRINT_LIMIT,WEB_PRINT_CONFIRM,XLS_PRINT_LIMIT,LOGIN_NECESSITY,SERVICE_STATUS,AUTOFILTER_FLG,INITIAL_FILTER_FLG,DISP_SEQ,NOTE,DISUSE_FLAG,LAST_UPDATE_TIMESTAMP,LAST_UPDATE_USER) VALUES(2100000330,2100000004,'Excel一括インポート',NULL,NULL,NULL,1,0,2,2,80,NULL,'0',STR_TO_DATE('2015/04/01 10:00:00.000000','%Y/%m/%d %H:%i:%s.%f'),1);
INSERT INTO A_MENU_LIST_JNL (JOURNAL_SEQ_NO,JOURNAL_REG_DATETIME,JOURNAL_ACTION_CLASS,MENU_ID,MENU_GROUP_ID,MENU_NAME,WEB_PRINT_LIMIT,WEB_PRINT_CONFIRM,XLS_PRINT_LIMIT,LOGIN_NECESSITY,SERVICE_STATUS,AUTOFILTER_FLG,INITIAL_FILTER_FLG,DISP_SEQ,NOTE,DISUSE_FLAG,LAST_UPDATE_TIMESTAMP,LAST_UPDATE_USER) VALUES(-300330,STR_TO_DATE('2015/04/01 10:00:00.000000','%Y/%m/%d %H:%i:%s.%f'),'INSERT',2100000330,2100000004,'Excel一括インポート',NULL,NULL,NULL,1,0,2,2,80,NULL,'0',STR_TO_DATE('2015/04/01 10:00:00.000000','%Y/%m/%d %H:%i:%s.%f'),1);
INSERT INTO A_MENU_LIST (MENU_ID,MENU_GROUP_ID,MENU_NAME,WEB_PRINT_LIMIT,WEB_PRINT_CONFIRM,XLS_PRINT_LIMIT,LOGIN_NECESSITY,SERVICE_STATUS,AUTOFILTER_FLG,INITIAL_FILTER_FLG,DISP_SEQ,NOTE,DISUSE_FLAG,LAST_UPDATE_TIMESTAMP,LAST_UPDATE_USER) VALUES(2100000331,2100000004,'Excel一括エクスポート・インポート管理',NULL,NULL,NULL,1,0,1,2,80,NULL,'0',STR_TO_DATE('2015/04/01 10:00:00.000000','%Y/%m/%d %H:%i:%s.%f'),1);
INSERT INTO A_MENU_LIST_JNL (JOURNAL_SEQ_NO,JOURNAL_REG_DATETIME,JOURNAL_ACTION_CLASS,MENU_ID,MENU_GROUP_ID,MENU_NAME,WEB_PRINT_LIMIT,WEB_PRINT_CONFIRM,XLS_PRINT_LIMIT,LOGIN_NECESSITY,SERVICE_STATUS,AUTOFILTER_FLG,INITIAL_FILTER_FLG,DISP_SEQ,NOTE,DISUSE_FLAG,LAST_UPDATE_TIMESTAMP,LAST_UPDATE_USER) VALUES(-300331,STR_TO_DATE('2015/04/01 10:00:00.000000','%Y/%m/%d %H:%i:%s.%f'),'INSERT',2100000331,2100000004,'Excel一括エクスポート・インポート管理',NULL,NULL,NULL,1,0,1,2,80,NULL,'0',STR_TO_DATE('2015/04/01 10:00:00.000000','%Y/%m/%d %H:%i:%s.%f'),1);


INSERT INTO A_ROLE_LIST (ROLE_ID,ROLE_NAME,NOTE,DISUSE_FLAG,LAST_UPDATE_TIMESTAMP,LAST_UPDATE_USER) VALUES(2100000002,'oaseアクション','oaseアクション','0',STR_TO_DATE('2015/04/01 10:00:00.000000','%Y/%m/%d %H:%i:%s.%f'),1);
INSERT INTO A_ROLE_LIST_JNL (JOURNAL_SEQ_NO,JOURNAL_REG_DATETIME,JOURNAL_ACTION_CLASS,ROLE_ID,ROLE_NAME,NOTE,DISUSE_FLAG,LAST_UPDATE_TIMESTAMP,LAST_UPDATE_USER) VALUES(-3,STR_TO_DATE('2015/04/01 10:00:00.000000','%Y/%m/%d %H:%i:%s.%f'),'INSERT',2100000002,'oaseアクション','oaseアクション','0',STR_TO_DATE('2015/04/01 10:00:00.000000','%Y/%m/%d %H:%i:%s.%f'),1);


INSERT INTO A_ACCOUNT_LIST (USER_ID,USERNAME,PASSWORD,USERNAME_JP,MAIL_ADDRESS,AUTH_TYPE,NOTE,DISUSE_FLAG,LAST_UPDATE_TIMESTAMP,LAST_UPDATE_USER) VALUES(-100331,'a329a','5ebbc37e034d6874a2af59eb04beaa52','Excel一括実行プロシージャ',NULL,NULL,'Excel一括実行プロシージャ','H',STR_TO_DATE('2015/04/01 10:00:00.000000','%Y/%m/%d %H:%i:%s.%f'),1);
INSERT INTO A_ACCOUNT_LIST_JNL (JOURNAL_SEQ_NO,JOURNAL_REG_DATETIME,JOURNAL_ACTION_CLASS,USER_ID,USERNAME,PASSWORD,USERNAME_JP,MAIL_ADDRESS,AUTH_TYPE,NOTE,DISUSE_FLAG,LAST_UPDATE_TIMESTAMP,LAST_UPDATE_USER) VALUES(-100331,STR_TO_DATE('2015/04/01 10:00:00.000000','%Y/%m/%d %H:%i:%s.%f'),'INSERT',-100331,'a329a','5ebbc37e034d6874a2af59eb04beaa52','Excel一括実行プロシージャ',NULL,NULL,'Excel一括実行プロシージャ','H',STR_TO_DATE('2015/04/01 10:00:00.000000','%Y/%m/%d %H:%i:%s.%f'),1);


INSERT INTO A_ROLE_MENU_LINK_LIST (LINK_ID,ROLE_ID,MENU_ID,PRIVILEGE,NOTE,DISUSE_FLAG,LAST_UPDATE_TIMESTAMP,LAST_UPDATE_USER) VALUES(2101000204,2100000002,2100000204,2,'oaseアクション','0',STR_TO_DATE('2015/04/01 10:00:00.000000','%Y/%m/%d %H:%i:%s.%f'),1);
INSERT INTO A_ROLE_MENU_LINK_LIST_JNL (JOURNAL_SEQ_NO,JOURNAL_REG_DATETIME,JOURNAL_ACTION_CLASS,LINK_ID,ROLE_ID,MENU_ID,PRIVILEGE,NOTE,DISUSE_FLAG,LAST_UPDATE_TIMESTAMP,LAST_UPDATE_USER) VALUES(-1000001,STR_TO_DATE('2015/04/01 10:00:00.000000','%Y/%m/%d %H:%i:%s.%f'),'INSERT',2101000204,2100000002,2100000204,2,'oaseアクション','0',STR_TO_DATE('2015/04/01 10:00:00.000000','%Y/%m/%d %H:%i:%s.%f'),1);
INSERT INTO A_ROLE_MENU_LINK_LIST (LINK_ID,ROLE_ID,MENU_ID,PRIVILEGE,NOTE,DISUSE_FLAG,LAST_UPDATE_TIMESTAMP,LAST_UPDATE_USER) VALUES(2101000205,2100000002,2100000205,2,'oaseアクション','0',STR_TO_DATE('2015/04/01 10:00:00.000000','%Y/%m/%d %H:%i:%s.%f'),1);
INSERT INTO A_ROLE_MENU_LINK_LIST_JNL (JOURNAL_SEQ_NO,JOURNAL_REG_DATETIME,JOURNAL_ACTION_CLASS,LINK_ID,ROLE_ID,MENU_ID,PRIVILEGE,NOTE,DISUSE_FLAG,LAST_UPDATE_TIMESTAMP,LAST_UPDATE_USER) VALUES(-1000002,STR_TO_DATE('2015/04/01 10:00:00.000000','%Y/%m/%d %H:%i:%s.%f'),'INSERT',2101000205,2100000002,2100000205,2,'oaseアクション','0',STR_TO_DATE('2015/04/01 10:00:00.000000','%Y/%m/%d %H:%i:%s.%f'),1);
INSERT INTO A_ROLE_MENU_LINK_LIST (LINK_ID,ROLE_ID,MENU_ID,PRIVILEGE,NOTE,DISUSE_FLAG,LAST_UPDATE_TIMESTAMP,LAST_UPDATE_USER) VALUES(2101000303,2100000002,2100000303,2,'oaseアクション','0',STR_TO_DATE('2015/04/01 10:00:00.000000','%Y/%m/%d %H:%i:%s.%f'),1);
INSERT INTO A_ROLE_MENU_LINK_LIST_JNL (JOURNAL_SEQ_NO,JOURNAL_REG_DATETIME,JOURNAL_ACTION_CLASS,LINK_ID,ROLE_ID,MENU_ID,PRIVILEGE,NOTE,DISUSE_FLAG,LAST_UPDATE_TIMESTAMP,LAST_UPDATE_USER) VALUES(-1000003,STR_TO_DATE('2015/04/01 10:00:00.000000','%Y/%m/%d %H:%i:%s.%f'),'INSERT',2101000303,2100000002,2100000303,2,'oaseアクション','0',STR_TO_DATE('2015/04/01 10:00:00.000000','%Y/%m/%d %H:%i:%s.%f'),1);
INSERT INTO A_ROLE_MENU_LINK_LIST (LINK_ID,ROLE_ID,MENU_ID,PRIVILEGE,NOTE,DISUSE_FLAG,LAST_UPDATE_TIMESTAMP,LAST_UPDATE_USER) VALUES(2101000304,2100000002,2100000304,1,'oaseアクション','0',STR_TO_DATE('2015/04/01 10:00:00.000000','%Y/%m/%d %H:%i:%s.%f'),1);
INSERT INTO A_ROLE_MENU_LINK_LIST_JNL (JOURNAL_SEQ_NO,JOURNAL_REG_DATETIME,JOURNAL_ACTION_CLASS,LINK_ID,ROLE_ID,MENU_ID,PRIVILEGE,NOTE,DISUSE_FLAG,LAST_UPDATE_TIMESTAMP,LAST_UPDATE_USER) VALUES(-1000004,STR_TO_DATE('2015/04/01 10:00:00.000000','%Y/%m/%d %H:%i:%s.%f'),'INSERT',2101000304,2100000002,2100000304,1,'oaseアクション','0',STR_TO_DATE('2015/04/01 10:00:00.000000','%Y/%m/%d %H:%i:%s.%f'),1);
INSERT INTO A_ROLE_MENU_LINK_LIST (LINK_ID,ROLE_ID,MENU_ID,PRIVILEGE,NOTE,DISUSE_FLAG,LAST_UPDATE_TIMESTAMP,LAST_UPDATE_USER) VALUES(2101000305,2100000002,2100000305,2,'oaseアクション','0',STR_TO_DATE('2015/04/01 10:00:00.000000','%Y/%m/%d %H:%i:%s.%f'),1);
INSERT INTO A_ROLE_MENU_LINK_LIST_JNL (JOURNAL_SEQ_NO,JOURNAL_REG_DATETIME,JOURNAL_ACTION_CLASS,LINK_ID,ROLE_ID,MENU_ID,PRIVILEGE,NOTE,DISUSE_FLAG,LAST_UPDATE_TIMESTAMP,LAST_UPDATE_USER) VALUES(-1000005,STR_TO_DATE('2015/04/01 10:00:00.000000','%Y/%m/%d %H:%i:%s.%f'),'INSERT',2101000305,2100000002,2100000305,2,'oaseアクション','0',STR_TO_DATE('2015/04/01 10:00:00.000000','%Y/%m/%d %H:%i:%s.%f'),1);
INSERT INTO A_ROLE_MENU_LINK_LIST (LINK_ID,ROLE_ID,MENU_ID,PRIVILEGE,NOTE,DISUSE_FLAG,LAST_UPDATE_TIMESTAMP,LAST_UPDATE_USER) VALUES(2101000308,2100000002,2100000308,1,'oaseアクション','0',STR_TO_DATE('2015/04/01 10:00:00.000000','%Y/%m/%d %H:%i:%s.%f'),1);
INSERT INTO A_ROLE_MENU_LINK_LIST_JNL (JOURNAL_SEQ_NO,JOURNAL_REG_DATETIME,JOURNAL_ACTION_CLASS,LINK_ID,ROLE_ID,MENU_ID,PRIVILEGE,NOTE,DISUSE_FLAG,LAST_UPDATE_TIMESTAMP,LAST_UPDATE_USER) VALUES(-1000006,STR_TO_DATE('2015/04/01 10:00:00.000000','%Y/%m/%d %H:%i:%s.%f'),'INSERT',2101000308,2100000002,2100000308,1,'oaseアクション','0',STR_TO_DATE('2015/04/01 10:00:00.000000','%Y/%m/%d %H:%i:%s.%f'),1);
INSERT INTO A_ROLE_MENU_LINK_LIST (LINK_ID,ROLE_ID,MENU_ID,PRIVILEGE,NOTE,DISUSE_FLAG,LAST_UPDATE_TIMESTAMP,LAST_UPDATE_USER) VALUES(2101000309,2100000002,2100000309,1,'oaseアクション','0',STR_TO_DATE('2015/04/01 10:00:00.000000','%Y/%m/%d %H:%i:%s.%f'),1);
INSERT INTO A_ROLE_MENU_LINK_LIST_JNL (JOURNAL_SEQ_NO,JOURNAL_REG_DATETIME,JOURNAL_ACTION_CLASS,LINK_ID,ROLE_ID,MENU_ID,PRIVILEGE,NOTE,DISUSE_FLAG,LAST_UPDATE_TIMESTAMP,LAST_UPDATE_USER) VALUES(-1000007,STR_TO_DATE('2015/04/01 10:00:00.000000','%Y/%m/%d %H:%i:%s.%f'),'INSERT',2101000309,2100000002,2100000309,1,'oaseアクション','0',STR_TO_DATE('2015/04/01 10:00:00.000000','%Y/%m/%d %H:%i:%s.%f'),1);
INSERT INTO A_ROLE_MENU_LINK_LIST (LINK_ID,ROLE_ID,MENU_ID,PRIVILEGE,NOTE,DISUSE_FLAG,LAST_UPDATE_TIMESTAMP,LAST_UPDATE_USER) VALUES(2101000311,2100000002,2100000311,2,'oaseアクション','0',STR_TO_DATE('2015/04/01 10:00:00.000000','%Y/%m/%d %H:%i:%s.%f'),1);
INSERT INTO A_ROLE_MENU_LINK_LIST_JNL (JOURNAL_SEQ_NO,JOURNAL_REG_DATETIME,JOURNAL_ACTION_CLASS,LINK_ID,ROLE_ID,MENU_ID,PRIVILEGE,NOTE,DISUSE_FLAG,LAST_UPDATE_TIMESTAMP,LAST_UPDATE_USER) VALUES(-1000008,STR_TO_DATE('2015/04/01 10:00:00.000000','%Y/%m/%d %H:%i:%s.%f'),'INSERT',2101000311,2100000002,2100000311,2,'oaseアクション','0',STR_TO_DATE('2015/04/01 10:00:00.000000','%Y/%m/%d %H:%i:%s.%f'),1);
INSERT INTO A_ROLE_MENU_LINK_LIST (LINK_ID,ROLE_ID,MENU_ID,PRIVILEGE,NOTE,DISUSE_FLAG,LAST_UPDATE_TIMESTAMP,LAST_UPDATE_USER) VALUES(2101180004,2100000002,2100180004,1,'oaseアクション','0',STR_TO_DATE('2015/04/01 10:00:00.000000','%Y/%m/%d %H:%i:%s.%f'),1);
INSERT INTO A_ROLE_MENU_LINK_LIST_JNL (JOURNAL_SEQ_NO,JOURNAL_REG_DATETIME,JOURNAL_ACTION_CLASS,LINK_ID,ROLE_ID,MENU_ID,PRIVILEGE,NOTE,DISUSE_FLAG,LAST_UPDATE_TIMESTAMP,LAST_UPDATE_USER) VALUES(-1000020,STR_TO_DATE('2015/04/01 10:00:00.000000','%Y/%m/%d %H:%i:%s.%f'),'INSERT',2101180004,2100000002,2100180004,1,'oaseアクション','0',STR_TO_DATE('2015/04/01 10:00:00.000000','%Y/%m/%d %H:%i:%s.%f'),1);
INSERT INTO A_ROLE_MENU_LINK_LIST (LINK_ID,ROLE_ID,MENU_ID,PRIVILEGE,NOTE,DISUSE_FLAG,LAST_UPDATE_TIMESTAMP,LAST_UPDATE_USER) VALUES(2101180005,2100000002,2100180005,1,'oaseアクション','0',STR_TO_DATE('2015/04/01 10:00:00.000000','%Y/%m/%d %H:%i:%s.%f'),1);
INSERT INTO A_ROLE_MENU_LINK_LIST_JNL (JOURNAL_SEQ_NO,JOURNAL_REG_DATETIME,JOURNAL_ACTION_CLASS,LINK_ID,ROLE_ID,MENU_ID,PRIVILEGE,NOTE,DISUSE_FLAG,LAST_UPDATE_TIMESTAMP,LAST_UPDATE_USER) VALUES(-1000021,STR_TO_DATE('2015/04/01 10:00:00.000000','%Y/%m/%d %H:%i:%s.%f'),'INSERT',2101180005,2100000002,2100180005,1,'oaseアクション','0',STR_TO_DATE('2015/04/01 10:00:00.000000','%Y/%m/%d %H:%i:%s.%f'),1);
INSERT INTO A_ROLE_MENU_LINK_LIST (LINK_ID,ROLE_ID,MENU_ID,PRIVILEGE,NOTE,DISUSE_FLAG,LAST_UPDATE_TIMESTAMP,LAST_UPDATE_USER) VALUES(2101180007,2100000002,2100180007,2,'oaseアクション','0',STR_TO_DATE('2015/04/01 10:00:00.000000','%Y/%m/%d %H:%i:%s.%f'),1);
INSERT INTO A_ROLE_MENU_LINK_LIST_JNL (JOURNAL_SEQ_NO,JOURNAL_REG_DATETIME,JOURNAL_ACTION_CLASS,LINK_ID,ROLE_ID,MENU_ID,PRIVILEGE,NOTE,DISUSE_FLAG,LAST_UPDATE_TIMESTAMP,LAST_UPDATE_USER) VALUES(-1000022,STR_TO_DATE('2015/04/01 10:00:00.000000','%Y/%m/%d %H:%i:%s.%f'),'INSERT',2101180007,2100000002,2100180007,2,'oaseアクション','0',STR_TO_DATE('2015/04/01 10:00:00.000000','%Y/%m/%d %H:%i:%s.%f'),1);
INSERT INTO A_ROLE_MENU_LINK_LIST (LINK_ID,ROLE_ID,MENU_ID,PRIVILEGE,NOTE,DISUSE_FLAG,LAST_UPDATE_TIMESTAMP,LAST_UPDATE_USER) VALUES(2100000329,1,2100000329,2,'システム管理者','0',STR_TO_DATE('2015/04/01 10:00:00.000000','%Y/%m/%d %H:%i:%s.%f'),1);
INSERT INTO A_ROLE_MENU_LINK_LIST_JNL (JOURNAL_SEQ_NO,JOURNAL_REG_DATETIME,JOURNAL_ACTION_CLASS,LINK_ID,ROLE_ID,MENU_ID,PRIVILEGE,NOTE,DISUSE_FLAG,LAST_UPDATE_TIMESTAMP,LAST_UPDATE_USER) VALUES(-300329,STR_TO_DATE('2015/04/01 10:00:00.000000','%Y/%m/%d %H:%i:%s.%f'),'INSERT',2100000329,1,2100000329,2,'システム管理者','0',STR_TO_DATE('2015/04/01 10:00:00.000000','%Y/%m/%d %H:%i:%s.%f'),1);
INSERT INTO A_ROLE_MENU_LINK_LIST (LINK_ID,ROLE_ID,MENU_ID,PRIVILEGE,NOTE,DISUSE_FLAG,LAST_UPDATE_TIMESTAMP,LAST_UPDATE_USER) VALUES(2100000330,1,2100000330,2,'システム管理者','0',STR_TO_DATE('2015/04/01 10:00:00.000000','%Y/%m/%d %H:%i:%s.%f'),1);
INSERT INTO A_ROLE_MENU_LINK_LIST_JNL (JOURNAL_SEQ_NO,JOURNAL_REG_DATETIME,JOURNAL_ACTION_CLASS,LINK_ID,ROLE_ID,MENU_ID,PRIVILEGE,NOTE,DISUSE_FLAG,LAST_UPDATE_TIMESTAMP,LAST_UPDATE_USER) VALUES(-300330,STR_TO_DATE('2015/04/01 10:00:00.000000','%Y/%m/%d %H:%i:%s.%f'),'INSERT',2100000330,1,2100000330,2,'システム管理者','0',STR_TO_DATE('2015/04/01 10:00:00.000000','%Y/%m/%d %H:%i:%s.%f'),1);
INSERT INTO A_ROLE_MENU_LINK_LIST (LINK_ID,ROLE_ID,MENU_ID,PRIVILEGE,NOTE,DISUSE_FLAG,LAST_UPDATE_TIMESTAMP,LAST_UPDATE_USER) VALUES(2100000331,1,2100000331,2,'システム管理者','0',STR_TO_DATE('2015/04/01 10:00:00.000000','%Y/%m/%d %H:%i:%s.%f'),1);
INSERT INTO A_ROLE_MENU_LINK_LIST_JNL (JOURNAL_SEQ_NO,JOURNAL_REG_DATETIME,JOURNAL_ACTION_CLASS,LINK_ID,ROLE_ID,MENU_ID,PRIVILEGE,NOTE,DISUSE_FLAG,LAST_UPDATE_TIMESTAMP,LAST_UPDATE_USER) VALUES(-300331,STR_TO_DATE('2015/04/01 10:00:00.000000','%Y/%m/%d %H:%i:%s.%f'),'INSERT',2100000331,1,2100000331,2,'システム管理者','0',STR_TO_DATE('2015/04/01 10:00:00.000000','%Y/%m/%d %H:%i:%s.%f'),1);


INSERT INTO A_DEL_FILE_LIST (ROW_ID,DEL_DAYS,TARGET_DIR,TARGET_FILE,DEL_SUB_DIR_FLG,NOTE,DISUSE_FLAG,LAST_UPDATE_TIMESTAMP,LAST_UPDATE_USER) VALUES(2100000329,1,'%%%%%ITA_DIRECTORY%%%%%/ita-root/temp/bulk_excel/export','*',1,NULL,'0',STR_TO_DATE('2015/04/01 10:00:00.000000','%Y/%m/%d %H:%i:%s.%f'),1);
INSERT INTO A_DEL_FILE_LIST_JNL (JOURNAL_SEQ_NO,JOURNAL_REG_DATETIME,JOURNAL_ACTION_CLASS,ROW_ID,DEL_DAYS,TARGET_DIR,TARGET_FILE,DEL_SUB_DIR_FLG,NOTE,DISUSE_FLAG,LAST_UPDATE_TIMESTAMP,LAST_UPDATE_USER) VALUES(-2100000329,STR_TO_DATE('2015/04/01 10:00:00.000000','%Y/%m/%d %H:%i:%s.%f'),'INSERT',2100000329,1,'%%%%%ITA_DIRECTORY%%%%%/ita-root/temp/bulk_excel/export','*',1,NULL,'0',STR_TO_DATE('2015/04/01 10:00:00.000000','%Y/%m/%d %H:%i:%s.%f'),1);
INSERT INTO A_DEL_FILE_LIST (ROW_ID,DEL_DAYS,TARGET_DIR,TARGET_FILE,DEL_SUB_DIR_FLG,NOTE,DISUSE_FLAG,LAST_UPDATE_TIMESTAMP,LAST_UPDATE_USER) VALUES(2100000330,1,'%%%%%ITA_DIRECTORY%%%%%/ita-root/temp/bulk_excel/import/import','*',1,NULL,'0',STR_TO_DATE('2015/04/01 10:00:00.000000','%Y/%m/%d %H:%i:%s.%f'),1);
INSERT INTO A_DEL_FILE_LIST_JNL (JOURNAL_SEQ_NO,JOURNAL_REG_DATETIME,JOURNAL_ACTION_CLASS,ROW_ID,DEL_DAYS,TARGET_DIR,TARGET_FILE,DEL_SUB_DIR_FLG,NOTE,DISUSE_FLAG,LAST_UPDATE_TIMESTAMP,LAST_UPDATE_USER) VALUES(-2100000330,STR_TO_DATE('2015/04/01 10:00:00.000000','%Y/%m/%d %H:%i:%s.%f'),'INSERT',2100000330,1,'%%%%%ITA_DIRECTORY%%%%%/ita-root/temp/bulk_excel/import/import','*',1,NULL,'0',STR_TO_DATE('2015/04/01 10:00:00.000000','%Y/%m/%d %H:%i:%s.%f'),1);
INSERT INTO A_DEL_FILE_LIST (ROW_ID,DEL_DAYS,TARGET_DIR,TARGET_FILE,DEL_SUB_DIR_FLG,NOTE,DISUSE_FLAG,LAST_UPDATE_TIMESTAMP,LAST_UPDATE_USER) VALUES(2100000331,1,'%%%%%ITA_DIRECTORY%%%%%/ita-root/temp/bulk_excel/import/upload','*',1,NULL,'0',STR_TO_DATE('2015/04/01 10:00:00.000000','%Y/%m/%d %H:%i:%s.%f'),1);
INSERT INTO A_DEL_FILE_LIST_JNL (JOURNAL_SEQ_NO,JOURNAL_REG_DATETIME,JOURNAL_ACTION_CLASS,ROW_ID,DEL_DAYS,TARGET_DIR,TARGET_FILE,DEL_SUB_DIR_FLG,NOTE,DISUSE_FLAG,LAST_UPDATE_TIMESTAMP,LAST_UPDATE_USER) VALUES(-2100000331,STR_TO_DATE('2015/04/01 10:00:00.000000','%Y/%m/%d %H:%i:%s.%f'),'INSERT',2100000331,1,'%%%%%ITA_DIRECTORY%%%%%/ita-root/temp/bulk_excel/import/upload','*',1,NULL,'0',STR_TO_DATE('2015/04/01 10:00:00.000000','%Y/%m/%d %H:%i:%s.%f'),1);


DELETE FROM B_DP_HIDE_MENU_LIST WHERE HIDE_ID IN ('35','36','37','38','39','40','41');

INSERT INTO B_DP_HIDE_MENU_LIST (HIDE_ID,MENU_ID) VALUES('64','2100000331');


INSERT INTO B_BULK_EXCEL_ABOLISHED_TYPE (ROW_ID,ABOLISHED_TYPE,NOTE,DISUSE_FLAG,LAST_UPDATE_TIMESTAMP,LAST_UPDATE_USER) VALUES(1,'全レコード',NULL,'0',STR_TO_DATE('2015/04/01 10:00:00.000000','%Y/%m/%d %H:%i:%s.%f'),1);

INSERT INTO B_BULK_EXCEL_ABOLISHED_TYPE (ROW_ID,ABOLISHED_TYPE,NOTE,DISUSE_FLAG,LAST_UPDATE_TIMESTAMP,LAST_UPDATE_USER) VALUES(2,'廃止を除く',NULL,'0',STR_TO_DATE('2015/04/01 10:00:00.000000','%Y/%m/%d %H:%i:%s.%f'),1);

INSERT INTO B_BULK_EXCEL_ABOLISHED_TYPE (ROW_ID,ABOLISHED_TYPE,NOTE,DISUSE_FLAG,LAST_UPDATE_TIMESTAMP,LAST_UPDATE_USER) VALUES(3,'廃止のみ',NULL,'0',STR_TO_DATE('2015/04/01 10:00:00.000000','%Y/%m/%d %H:%i:%s.%f'),1);


INSERT INTO B_BULK_EXCEL_NG_MENU_LIST (ROW_ID,MENU_ID,NOTE,DISUSE_FLAG,LAST_UPDATE_TIMESTAMP,LAST_UPDATE_USER) VALUES(1,2100000216,NULL,'0',STR_TO_DATE('2015/04/01 10:00:00.000000','%Y/%m/%d %H:%i:%s.%f'),1);

INSERT INTO B_BULK_EXCEL_NG_MENU_LIST (ROW_ID,MENU_ID,NOTE,DISUSE_FLAG,LAST_UPDATE_TIMESTAMP,LAST_UPDATE_USER) VALUES(2,2100000331,NULL,'0',STR_TO_DATE('2015/04/01 10:00:00.000000','%Y/%m/%d %H:%i:%s.%f'),1);

INSERT INTO B_BULK_EXCEL_NG_MENU_LIST (ROW_ID,MENU_ID,NOTE,DISUSE_FLAG,LAST_UPDATE_TIMESTAMP,LAST_UPDATE_USER) VALUES(3,2100000213,NULL,'0',STR_TO_DATE('2015/04/01 10:00:00.000000','%Y/%m/%d %H:%i:%s.%f'),1);

INSERT INTO B_BULK_EXCEL_NG_MENU_LIST (ROW_ID,MENU_ID,NOTE,DISUSE_FLAG,LAST_UPDATE_TIMESTAMP,LAST_UPDATE_USER) VALUES(4,2100000306,NULL,'0',STR_TO_DATE('2015/04/01 10:00:00.000000','%Y/%m/%d %H:%i:%s.%f'),1);

INSERT INTO B_BULK_EXCEL_NG_MENU_LIST (ROW_ID,MENU_ID,NOTE,DISUSE_FLAG,LAST_UPDATE_TIMESTAMP,LAST_UPDATE_USER) VALUES(5,2100180003,NULL,'0',STR_TO_DATE('2015/04/01 10:00:00.000000','%Y/%m/%d %H:%i:%s.%f'),1);

