ALTER TABLE F_CREATE_MENU_INFO ADD COLUMN MENU_CREATE_STATUS VARCHAR(1) AFTER MENUGROUP_FOR_VIEW;
ALTER TABLE F_CREATE_MENU_INFO_JNL ADD COLUMN MENU_CREATE_STATUS VARCHAR(1) AFTER MENUGROUP_FOR_VIEW;

UPDATE F_CREATE_MENU_INFO SET MENU_CREATE_STATUS='2';

-- -------------------------
-- 一意制約管理
-- -------------------------
CREATE TABLE F_UNIQUE_CONSTRAINT (
UNIQUE_CONSTRAINT_ID          INT               ,
CREATE_MENU_ID                INT               ,
UNIQUE_CONSTRAINT_ITEM        TEXT              ,
ACCESS_AUTH                   TEXT              ,
NOTE                          VARCHAR  (4000)   ,
DISUSE_FLAG                   VARCHAR  (1)      ,
LAST_UPDATE_TIMESTAMP         DATETIME(6)       ,
LAST_UPDATE_USER              INT               ,
PRIMARY KEY (UNIQUE_CONSTRAINT_ID)
)ENGINE = InnoDB, CHARSET = utf8, COLLATE = utf8_bin, ROW_FORMAT=COMPRESSED ,KEY_BLOCK_SIZE=8;

CREATE TABLE F_UNIQUE_CONSTRAINT_JNL (
JOURNAL_SEQ_NO                INT               ,
JOURNAL_REG_DATETIME          DATETIME(6)       ,
JOURNAL_ACTION_CLASS          VARCHAR  (8)      ,
UNIQUE_CONSTRAINT_ID          INT               ,
CREATE_MENU_ID                INT               ,
UNIQUE_CONSTRAINT_ITEM        TEXT              ,
ACCESS_AUTH                   TEXT              ,
NOTE                          VARCHAR  (4000)   ,
DISUSE_FLAG                   VARCHAR  (1)      ,
LAST_UPDATE_TIMESTAMP         DATETIME(6)       ,
LAST_UPDATE_USER              INT               ,
PRIMARY KEY (JOURNAL_SEQ_NO)
)ENGINE = InnoDB, CHARSET = utf8, COLLATE = utf8_bin, ROW_FORMAT=COMPRESSED ,KEY_BLOCK_SIZE=8;


ALTER TABLE F_MENU_REFERENCE_ITEM ADD COLUMN MENU_ID INT AFTER LINK_ID;
ALTER TABLE F_MENU_REFERENCE_ITEM ADD COLUMN ORIGINAL_MENU_FLAG VARCHAR(1) AFTER SENSITIVE_FLAG;
ALTER TABLE F_MENU_REFERENCE_ITEM DROP COLUMN MASTER_COL_FLAG;
ALTER TABLE F_MENU_REFERENCE_ITEM_JNL ADD COLUMN MENU_ID INT AFTER LINK_ID;
ALTER TABLE F_MENU_REFERENCE_ITEM_JNL ADD COLUMN ORIGINAL_MENU_FLAG VARCHAR(1) AFTER SENSITIVE_FLAG;
ALTER TABLE F_MENU_REFERENCE_ITEM_JNL DROP COLUMN MASTER_COL_FLAG;


-- -------------------------
-- メニュー作成状態マスタ
-- -------------------------
CREATE TABLE F_MENU_CREATE_STATUS
(
MENU_CREATE_STATUS                  INT                             ,
MENU_CREATE_STATUS_SELECT           VARCHAR  (256)                  ,
ACCESS_AUTH                         TEXT                            ,
NOTE                                VARCHAR  (4000)                 , -- 備考
DISUSE_FLAG                         VARCHAR  (1)                    , -- 廃止フラグ
LAST_UPDATE_TIMESTAMP               DATETIME(6)                     , -- 最終更新日時
LAST_UPDATE_USER                    INT                             , -- 最終更新ユーザ
PRIMARY KEY (MENU_CREATE_STATUS)
)ENGINE = InnoDB, CHARSET = utf8, COLLATE = utf8_bin, ROW_FORMAT=COMPRESSED ,KEY_BLOCK_SIZE=8;

CREATE TABLE F_MENU_CREATE_STATUS_JNL
(
JOURNAL_SEQ_NO                      INT                             , -- 履歴用シーケンス
JOURNAL_REG_DATETIME                DATETIME(6)                     , -- 履歴用変更日時
JOURNAL_ACTION_CLASS                VARCHAR  (8)                    , -- 履歴用変更種別

MENU_CREATE_STATUS                  INT                             ,
MENU_CREATE_STATUS_SELECT           VARCHAR  (256)                  ,
ACCESS_AUTH                         TEXT                            ,
NOTE                                VARCHAR  (4000)                 , -- 備考
DISUSE_FLAG                         VARCHAR  (1)                    , -- 廃止フラグ
LAST_UPDATE_TIMESTAMP               DATETIME(6)                     , -- 最終更新日時
LAST_UPDATE_USER                    INT                             , -- 最終更新ユーザ
PRIMARY KEY(JOURNAL_SEQ_NO)
)ENGINE = InnoDB, CHARSET = utf8, COLLATE = utf8_bin, ROW_FORMAT=COMPRESSED ,KEY_BLOCK_SIZE=8;

-- -------------------------
-- フラグ管理マスタ
-- -------------------------
CREATE TABLE F_FLAG_ALT_MASTER
(
FLAG_ID                           INT                               , -- 識別シーケンス
YESNO_STATUS                      VARCHAR (64)                      , -- ステータス
TRUEFALSE_STATUS                  VARCHAR (64)                      ,
DISP_SEQ                          INT                               , -- 表示順序
ACCESS_AUTH                       TEXT                              ,
NOTE                              VARCHAR (4000)                    , -- 備考
DISUSE_FLAG                       VARCHAR (1)                       , -- 廃止フラグ
LAST_UPDATE_TIMESTAMP             DATETIME(6)                       , -- 最終更新日時
LAST_UPDATE_USER                  INT                               , -- 最終更新ユーザ
PRIMARY KEY (FLAG_ID)
)ENGINE = InnoDB, CHARSET = utf8, COLLATE = utf8_bin, ROW_FORMAT=COMPRESSED ,KEY_BLOCK_SIZE=8;

CREATE TABLE F_FLAG_ALT_MASTER_JNL
(
JOURNAL_SEQ_NO                    INT                               , -- 履歴用シーケンス
JOURNAL_REG_DATETIME              DATETIME(6)                       , -- 履歴用変更日時
JOURNAL_ACTION_CLASS              VARCHAR (8)                       , -- 履歴用変更種別

FLAG_ID                           INT                               , -- 識別シーケンス
YESNO_STATUS                      VARCHAR (64)                      , -- ステータス
TRUEFALSE_STATUS                  VARCHAR (64)                      ,
DISP_SEQ                          INT                               , -- 表示順序
ACCESS_AUTH                       TEXT                              ,
NOTE                              VARCHAR (4000)                    , -- 備考
DISUSE_FLAG                       VARCHAR (1)                       , -- 廃止フラグ
LAST_UPDATE_TIMESTAMP             DATETIME(6)                       , -- 最終更新日時
LAST_UPDATE_USER                  INT                               , -- 最終更新ユーザ
PRIMARY KEY (JOURNAL_SEQ_NO)
)ENGINE = InnoDB, CHARSET = utf8, COLLATE = utf8_bin, ROW_FORMAT=COMPRESSED ,KEY_BLOCK_SIZE=8;

CREATE TABLE F_FLAG_MASTER
(
FLAG_ID                           INT                               , -- 識別シーケンス
ASTBLANK_STATUS                   VARCHAR (64)                      ,
DISP_SEQ                          INT                               , -- 表示順序
ACCESS_AUTH                       TEXT                              ,
NOTE                              VARCHAR (4000)                    , -- 備考
DISUSE_FLAG                       VARCHAR (1)                       , -- 廃止フラグ
LAST_UPDATE_TIMESTAMP             DATETIME(6)                       , -- 最終更新日時
LAST_UPDATE_USER                  INT                               , -- 最終更新ユーザ
PRIMARY KEY (FLAG_ID)
)ENGINE = InnoDB, CHARSET = utf8, COLLATE = utf8_bin, ROW_FORMAT=COMPRESSED ,KEY_BLOCK_SIZE=8;

CREATE TABLE F_FLAG_MASTER_JNL
(
JOURNAL_SEQ_NO                    INT                               , -- 履歴用シーケンス
JOURNAL_REG_DATETIME              DATETIME(6)                       , -- 履歴用変更日時
JOURNAL_ACTION_CLASS              VARCHAR (8)                       , -- 履歴用変更種別

FLAG_ID                           INT                               , -- 識別シーケンス
ASTBLANK_STATUS                   VARCHAR (64)                      ,
DISP_SEQ                          INT                               , -- 表示順序
ACCESS_AUTH                       TEXT                              ,
NOTE                              VARCHAR (4000)                    , -- 備考
DISUSE_FLAG                       VARCHAR (1)                       , -- 廃止フラグ
LAST_UPDATE_TIMESTAMP             DATETIME(6)                       , -- 最終更新日時
LAST_UPDATE_USER                  INT                               , -- 最終更新ユーザ
PRIMARY KEY (JOURNAL_SEQ_NO)
)ENGINE = InnoDB, CHARSET = utf8, COLLATE = utf8_bin, ROW_FORMAT=COMPRESSED ,KEY_BLOCK_SIZE=8;


-- -------------------------
-- 参照項目情報（メニュー作成用）
-- -------------------------
CREATE OR REPLACE VIEW G_CREATE_REFERENCE_ITEM AS 
SELECT DISTINCT TAB_A.CREATE_ITEM_ID ITEM_ID      ,
       NULL AS LINK_ID                            ,
       TAB_C.MENU_ID MENU_ID                      ,
       TAB_A.DISP_SEQ DISP_SEQ                    ,
       TAB_C.TABLE_NAME TABLE_NAME                ,
       TAB_C.PRI_NAME PRI_NAME                    ,
       CASE WHEN CHAR_LENGTH(TAB_A.CREATE_ITEM_ID) <= 4 THEN CONCAT('KY_AUTO_COL_', lpad(TAB_A.CREATE_ITEM_ID, 4, '0')) ELSE CONCAT('KY_AUTO_COL_', TAB_A.CREATE_ITEM_ID) END AS COLUMN_NAME,
       TAB_A.ITEM_NAME ITEM_NAME                  ,
       TAB_D.FULL_COL_GROUP_NAME COL_GROUP_NAME   ,
       TAB_A.DESCRIPTION DESCRIPTION              ,
       TAB_A.INPUT_METHOD_ID INPUT_METHOD_ID      ,
       CASE WHEN TAB_A.INPUT_METHOD_ID = 8 THEN 2 ELSE 1 END AS SENSITIVE_FLAG,
       NULL AS ORIGINAL_MENU_FLAG                 ,
       TAB_A.ACCESS_AUTH                          ,
       TAB_A.NOTE                                 ,
       TAB_A.DISUSE_FLAG                          ,
       TAB_A.LAST_UPDATE_TIMESTAMP                ,
       TAB_A.LAST_UPDATE_USER                     ,
       TAB_B.ACCESS_AUTH AS ACCESS_AUTH_01        ,
       TAB_C.ACCESS_AUTH AS ACCESS_AUTH_02        ,
       TAB_D.ACCESS_AUTH AS ACCESS_AUTH_03 
FROM F_CREATE_ITEM_INFO TAB_A
LEFT JOIN F_CREATE_MENU_INFO TAB_B ON (TAB_A.CREATE_MENU_ID = TAB_B.CREATE_MENU_ID)
LEFT JOIN G_OTHER_MENU_LINK TAB_C ON (TAB_B.MENU_NAME = TAB_C.MENU_NAME)
LEFT JOIN F_COLUMN_GROUP TAB_D ON (TAB_A.COL_GROUP_ID = TAB_D.COL_GROUP_ID)
WHERE NOT TAB_A.INPUT_METHOD_ID = 7 AND TAB_B.DISUSE_FLAG='0' AND TAB_C.DISUSE_FLAG='0'
;


CREATE OR REPLACE VIEW G_CREATE_REFERENCE_ITEM_JNL AS 
SELECT DISTINCT TAB_A.JOURNAL_SEQ_NO              ,
       TAB_A.JOURNAL_REG_DATETIME                 ,
       TAB_A.JOURNAL_ACTION_CLASS                 ,
       TAB_A.CREATE_ITEM_ID ITEM_ID               ,
       NULL AS LINK_ID                            ,
       TAB_C.MENU_ID MENU_ID                      ,
       TAB_A.DISP_SEQ DISP_SEQ                    ,
       TAB_C.TABLE_NAME TABLE_NAME                ,
       TAB_C.PRI_NAME PRI_NAME                    ,
       CASE WHEN CHAR_LENGTH(TAB_A.CREATE_ITEM_ID) <= 4 THEN CONCAT('KY_AUTO_COL_', lpad(TAB_A.CREATE_ITEM_ID, 4, '0')) ELSE CONCAT('KY_AUTO_COL_', TAB_A.CREATE_ITEM_ID) END AS COLUMN_NAME,
       TAB_A.ITEM_NAME ITEM_NAME                  ,
       TAB_D.FULL_COL_GROUP_NAME COL_GROUP_NAME   ,
       TAB_A.DESCRIPTION DESCRIPTION              ,
       TAB_A.INPUT_METHOD_ID INPUT_METHOD_ID      ,
       CASE WHEN TAB_A.INPUT_METHOD_ID = 8 THEN 2 ELSE 1 END AS SENSITIVE_FLAG,
       NULL AS ORIGINAL_MENU_FLAG                 ,
       TAB_A.ACCESS_AUTH                          ,
       TAB_A.NOTE                                 ,
       TAB_A.DISUSE_FLAG                          ,
       TAB_A.LAST_UPDATE_TIMESTAMP                ,
       TAB_A.LAST_UPDATE_USER                     ,
       TAB_B.ACCESS_AUTH AS ACCESS_AUTH_01        ,
       TAB_C.ACCESS_AUTH AS ACCESS_AUTH_02        ,
       TAB_D.ACCESS_AUTH AS ACCESS_AUTH_03 
FROM F_CREATE_ITEM_INFO_JNL TAB_A
LEFT JOIN F_CREATE_MENU_INFO TAB_B ON (TAB_A.CREATE_MENU_ID = TAB_B.CREATE_MENU_ID)
LEFT JOIN G_OTHER_MENU_LINK TAB_C ON (TAB_B.MENU_NAME = TAB_C.MENU_NAME)
LEFT JOIN F_COLUMN_GROUP TAB_D ON (TAB_A.COL_GROUP_ID = TAB_D.COL_GROUP_ID)
WHERE NOT TAB_A.INPUT_METHOD_ID = 7 AND TAB_B.DISUSE_FLAG='0' AND TAB_C.DISUSE_FLAG='0'
;

-- -------------------------
-- 参照項目情報（既存メニュー/作成メニュー結合）
-- -------------------------
CREATE OR REPLACE VIEW G_MENU_REFERENCE_ITEM AS 
SELECT TAB_A.ITEM_ID  ITEM_ID                            ,
       TAB_A.LINK_ID  LINK_ID                            ,
       TAB_A.MENU_ID  MENU_ID                            ,
       TAB_A.DISP_SEQ DISP_SEQ                           ,
       TAB_A.TABLE_NAME TABLE_NAME                       ,
       TAB_A.PRI_NAME PRI_NAME                           ,
       TAB_A.COLUMN_NAME COLUMN_NAME                     ,
       TAB_A.ITEM_NAME ITEM_NAME                         ,
       TAB_A.COL_GROUP_NAME COL_GROUP_NAME               ,
       TAB_A.DESCRIPTION DESCRIPTION                     ,
       TAB_A.INPUT_METHOD_ID INPUT_METHOD_ID             ,
       TAB_A.SENSITIVE_FLAG SENSITIVE_FLAG               ,
       TAB_A.ORIGINAL_MENU_FLAG ORIGINAL_MENU_FLAG       ,
       TAB_A.ACCESS_AUTH ACCESS_AUTH                     ,
       TAB_A.NOTE NOTE                                   ,
       TAB_A.DISUSE_FLAG DISUSE_FLAG                     ,
       TAB_A.LAST_UPDATE_TIMESTAMP LAST_UPDATE_TIMESTAMP ,
       TAB_A.LAST_UPDATE_USER LAST_UPDATE_USER
FROM  F_MENU_REFERENCE_ITEM TAB_A
WHERE TAB_A.DISUSE_FLAG = '0'
UNION ALL
SELECT TAB_B.ITEM_ID  ITEM_ID                            ,
       TAB_B.LINK_ID  LINK_ID                            ,
       TAB_B.MENU_ID  MENU_ID                            ,
       TAB_B.DISP_SEQ DISP_SEQ                           ,
       TAB_B.TABLE_NAME TABLE_NAME                       ,
       TAB_B.PRI_NAME PRI_NAME                           ,
       TAB_B.COLUMN_NAME COLUMN_NAME                     ,
       TAB_B.ITEM_NAME ITEM_NAME                         ,
       TAB_B.COL_GROUP_NAME COL_GROUP_NAME               ,
       TAB_B.DESCRIPTION DESCRIPTION                     ,
       TAB_B.INPUT_METHOD_ID INPUT_METHOD_ID             ,
       TAB_B.SENSITIVE_FLAG SENSITIVE_FLAG               ,
       TAB_B.ORIGINAL_MENU_FLAG ORIGINAL_MENU_FLAG       ,
       TAB_B.ACCESS_AUTH ACCESS_AUTH                     ,
       TAB_B.NOTE NOTE                                   ,
       TAB_B.DISUSE_FLAG DISUSE_FLAG                     ,
       TAB_B.LAST_UPDATE_TIMESTAMP LAST_UPDATE_TIMESTAMP ,
       TAB_B.LAST_UPDATE_USER LAST_UPDATE_USER
FROM G_CREATE_REFERENCE_ITEM TAB_B
WHERE TAB_B.DISUSE_FLAG = '0'
;


CREATE OR REPLACE VIEW G_MENU_REFERENCE_ITEM_JNL AS 
SELECT TAB_A.JOURNAL_SEQ_NO                              ,
       TAB_A.JOURNAL_REG_DATETIME                        ,
       TAB_A.JOURNAL_ACTION_CLASS                        ,
       TAB_A.ITEM_ID  ITEM_ID                            ,
       TAB_A.LINK_ID  LINK_ID                            ,
       TAB_A.MENU_ID  MENU_ID                            ,
       TAB_A.DISP_SEQ DISP_SEQ                           ,
       TAB_A.TABLE_NAME TABLE_NAME                       ,
       TAB_A.PRI_NAME PRI_NAME                           ,
       TAB_A.COLUMN_NAME COLUMN_NAME                     ,
       TAB_A.ITEM_NAME ITEM_NAME                         ,
       TAB_A.COL_GROUP_NAME COL_GROUP_NAME               ,
       TAB_A.DESCRIPTION DESCRIPTION                     ,
       TAB_A.INPUT_METHOD_ID INPUT_METHOD_ID             ,
       TAB_A.SENSITIVE_FLAG SENSITIVE_FLAG               ,
       TAB_A.ORIGINAL_MENU_FLAG ORIGINAL_MENU_FLAG       ,
       TAB_A.ACCESS_AUTH ACCESS_AUTH                     ,
       TAB_A.NOTE NOTE                                   ,
       TAB_A.DISUSE_FLAG DISUSE_FLAG                     ,
       TAB_A.LAST_UPDATE_TIMESTAMP LAST_UPDATE_TIMESTAMP ,
       TAB_A.LAST_UPDATE_USER LAST_UPDATE_USER
FROM  F_MENU_REFERENCE_ITEM_JNL TAB_A
WHERE TAB_A.DISUSE_FLAG = '0'
UNION ALL
SELECT TAB_B.JOURNAL_SEQ_NO                              ,
       TAB_B.JOURNAL_REG_DATETIME                        ,
       TAB_B.JOURNAL_ACTION_CLASS                        ,
       TAB_B.ITEM_ID  ITEM_ID                            ,
       TAB_B.LINK_ID  LINK_ID                            ,
       TAB_B.MENU_ID  MENU_ID                            ,
       TAB_B.DISP_SEQ DISP_SEQ                           ,
       TAB_B.TABLE_NAME TABLE_NAME                       ,
       TAB_B.PRI_NAME PRI_NAME                           ,
       TAB_B.COLUMN_NAME COLUMN_NAME                     ,
       TAB_B.ITEM_NAME ITEM_NAME                         ,
       TAB_B.COL_GROUP_NAME COL_GROUP_NAME               ,
       TAB_B.DESCRIPTION DESCRIPTION                     ,
       TAB_B.INPUT_METHOD_ID INPUT_METHOD_ID             ,
       TAB_B.SENSITIVE_FLAG SENSITIVE_FLAG               ,
       TAB_B.ORIGINAL_MENU_FLAG ORIGINAL_MENU_FLAG       ,
       TAB_B.ACCESS_AUTH ACCESS_AUTH                     ,
       TAB_B.NOTE NOTE                                   ,
       TAB_B.DISUSE_FLAG DISUSE_FLAG                     ,
       TAB_B.LAST_UPDATE_TIMESTAMP LAST_UPDATE_TIMESTAMP ,
       TAB_B.LAST_UPDATE_USER LAST_UPDATE_USER
FROM G_CREATE_REFERENCE_ITEM_JNL TAB_B
WHERE TAB_B.DISUSE_FLAG = '0'
;


INSERT INTO A_SEQUENCE (NAME,VALUE,MENU_ID,DISP_SEQ,NOTE,LAST_UPDATE_TIMESTAMP) VALUES('F_FLAG_MASTER_RIC',2,'2100160016',2100610019,NULL,STR_TO_DATE('2015/04/01 10:00:00.000000','%Y/%m/%d %H:%i:%s.%f'));

INSERT INTO A_SEQUENCE (NAME,VALUE,MENU_ID,DISP_SEQ,NOTE,LAST_UPDATE_TIMESTAMP) VALUES('F_FLAG_MASTER_JSQ',2,'2100160016',2100610020,'履歴テーブル用',STR_TO_DATE('2015/04/01 10:00:00.000000','%Y/%m/%d %H:%i:%s.%f'));

INSERT INTO A_SEQUENCE (NAME,VALUE,MENU_ID,DISP_SEQ,NOTE,LAST_UPDATE_TIMESTAMP) VALUES('F_FLAG_ALT_MASTER_RIC',3,'2100160017',2100610021,NULL,STR_TO_DATE('2015/04/01 10:00:00.000000','%Y/%m/%d %H:%i:%s.%f'));

INSERT INTO A_SEQUENCE (NAME,VALUE,MENU_ID,DISP_SEQ,NOTE,LAST_UPDATE_TIMESTAMP) VALUES('F_FLAG_ALT_MASTER_JSQ',3,'2100160017',2100610022,'履歴テーブル用',STR_TO_DATE('2015/04/01 10:00:00.000000','%Y/%m/%d %H:%i:%s.%f'));

INSERT INTO A_SEQUENCE (NAME,VALUE,MENU_ID,DISP_SEQ,NOTE,LAST_UPDATE_TIMESTAMP) VALUES('F_UNIQUE_CONSTRAINT_RIC',1,'2100160018',2100610023,NULL,STR_TO_DATE('2015/04/01 10:00:00.000000','%Y/%m/%d %H:%i:%s.%f'));

INSERT INTO A_SEQUENCE (NAME,VALUE,MENU_ID,DISP_SEQ,NOTE,LAST_UPDATE_TIMESTAMP) VALUES('F_UNIQUE_CONSTRAINT_JSQ',1,'2100160018',2100610024,'履歴テーブル用',STR_TO_DATE('2015/04/01 10:00:00.000000','%Y/%m/%d %H:%i:%s.%f'));


UPDATE A_MENU_LIST SET DISP_SEQ=20 WHERE MENU_ID=2100160001;
UPDATE A_MENU_LIST SET DISP_SEQ=40 WHERE MENU_ID=2100160002;
UPDATE A_MENU_LIST SET DISP_SEQ=70 WHERE MENU_ID=2100160003;
UPDATE A_MENU_LIST SET DISP_SEQ=80 WHERE MENU_ID=2100160004;
UPDATE A_MENU_LIST SET DISP_SEQ=210 WHERE MENU_ID=2100160005;
UPDATE A_MENU_LIST SET DISP_SEQ=220 WHERE MENU_ID=2100160007;
UPDATE A_MENU_LIST SET DISP_SEQ=30 WHERE MENU_ID=2100160008;
UPDATE A_MENU_LIST SET DISP_SEQ=50 WHERE MENU_ID=2100160009;
UPDATE A_MENU_LIST SET DISP_SEQ=230 WHERE MENU_ID=2100160010;
UPDATE A_MENU_LIST SET DISP_SEQ=10 WHERE MENU_ID=2100160011;
UPDATE A_MENU_LIST SET DISP_SEQ=240 WHERE MENU_ID=2100160012;

UPDATE A_MENU_LIST_JNL SET DISP_SEQ=20 WHERE MENU_ID=2100160001;
UPDATE A_MENU_LIST_JNL SET DISP_SEQ=40 WHERE MENU_ID=2100160002;
UPDATE A_MENU_LIST_JNL SET DISP_SEQ=70 WHERE MENU_ID=2100160003;
UPDATE A_MENU_LIST_JNL SET DISP_SEQ=80 WHERE MENU_ID=2100160004;
UPDATE A_MENU_LIST_JNL SET DISP_SEQ=210 WHERE MENU_ID=2100160005;
UPDATE A_MENU_LIST_JNL SET DISP_SEQ=220 WHERE MENU_ID=2100160007;
UPDATE A_MENU_LIST_JNL SET DISP_SEQ=30 WHERE MENU_ID=2100160008;
UPDATE A_MENU_LIST_JNL SET DISP_SEQ=50 WHERE MENU_ID=2100160009;
UPDATE A_MENU_LIST_JNL SET DISP_SEQ=230 WHERE MENU_ID=2100160010;
UPDATE A_MENU_LIST_JNL SET DISP_SEQ=10 WHERE MENU_ID=2100160011;
UPDATE A_MENU_LIST_JNL SET DISP_SEQ=240 WHERE MENU_ID=2100160012;

INSERT INTO A_MENU_LIST (MENU_ID,MENU_GROUP_ID,MENU_NAME,WEB_PRINT_LIMIT,WEB_PRINT_CONFIRM,XLS_PRINT_LIMIT,LOGIN_NECESSITY,SERVICE_STATUS,AUTOFILTER_FLG,INITIAL_FILTER_FLG,DISP_SEQ,NOTE,DISUSE_FLAG,LAST_UPDATE_TIMESTAMP,LAST_UPDATE_USER) VALUES(2100160016,2100011601,'選択1',NULL,NULL,NULL,1,0,1,2,250,NULL,'0',STR_TO_DATE('2015/04/01 10:00:00.000000','%Y/%m/%d %H:%i:%s.%f'),1);
INSERT INTO A_MENU_LIST_JNL (JOURNAL_SEQ_NO,JOURNAL_REG_DATETIME,JOURNAL_ACTION_CLASS,MENU_ID,MENU_GROUP_ID,MENU_NAME,WEB_PRINT_LIMIT,WEB_PRINT_CONFIRM,XLS_PRINT_LIMIT,LOGIN_NECESSITY,SERVICE_STATUS,AUTOFILTER_FLG,INITIAL_FILTER_FLG,DISP_SEQ,NOTE,DISUSE_FLAG,LAST_UPDATE_TIMESTAMP,LAST_UPDATE_USER) VALUES(-160016,STR_TO_DATE('2015/04/01 10:00:00.000000','%Y/%m/%d %H:%i:%s.%f'),'INSERT',2100160016,2100011601,'選択1',NULL,NULL,NULL,1,0,1,2,250,NULL,'0',STR_TO_DATE('2015/04/01 10:00:00.000000','%Y/%m/%d %H:%i:%s.%f'),1);
INSERT INTO A_MENU_LIST (MENU_ID,MENU_GROUP_ID,MENU_NAME,WEB_PRINT_LIMIT,WEB_PRINT_CONFIRM,XLS_PRINT_LIMIT,LOGIN_NECESSITY,SERVICE_STATUS,AUTOFILTER_FLG,INITIAL_FILTER_FLG,DISP_SEQ,NOTE,DISUSE_FLAG,LAST_UPDATE_TIMESTAMP,LAST_UPDATE_USER) VALUES(2100160017,2100011601,'選択2',NULL,NULL,NULL,1,0,1,2,260,NULL,'0',STR_TO_DATE('2015/04/01 10:00:00.000000','%Y/%m/%d %H:%i:%s.%f'),1);
INSERT INTO A_MENU_LIST_JNL (JOURNAL_SEQ_NO,JOURNAL_REG_DATETIME,JOURNAL_ACTION_CLASS,MENU_ID,MENU_GROUP_ID,MENU_NAME,WEB_PRINT_LIMIT,WEB_PRINT_CONFIRM,XLS_PRINT_LIMIT,LOGIN_NECESSITY,SERVICE_STATUS,AUTOFILTER_FLG,INITIAL_FILTER_FLG,DISP_SEQ,NOTE,DISUSE_FLAG,LAST_UPDATE_TIMESTAMP,LAST_UPDATE_USER) VALUES(-160017,STR_TO_DATE('2015/04/01 10:00:00.000000','%Y/%m/%d %H:%i:%s.%f'),'INSERT',2100160017,2100011601,'選択2',NULL,NULL,NULL,1,0,1,2,260,NULL,'0',STR_TO_DATE('2015/04/01 10:00:00.000000','%Y/%m/%d %H:%i:%s.%f'),1);
INSERT INTO A_MENU_LIST (MENU_ID,MENU_GROUP_ID,MENU_NAME,WEB_PRINT_LIMIT,WEB_PRINT_CONFIRM,XLS_PRINT_LIMIT,LOGIN_NECESSITY,SERVICE_STATUS,AUTOFILTER_FLG,INITIAL_FILTER_FLG,DISP_SEQ,NOTE,DISUSE_FLAG,LAST_UPDATE_TIMESTAMP,LAST_UPDATE_USER) VALUES(2100160018,2100011601,'一意制約(複数項目)作成情報',NULL,NULL,NULL,1,0,1,2,60,NULL,'0',STR_TO_DATE('2015/04/01 10:00:00.000000','%Y/%m/%d %H:%i:%s.%f'),1);
INSERT INTO A_MENU_LIST_JNL (JOURNAL_SEQ_NO,JOURNAL_REG_DATETIME,JOURNAL_ACTION_CLASS,MENU_ID,MENU_GROUP_ID,MENU_NAME,WEB_PRINT_LIMIT,WEB_PRINT_CONFIRM,XLS_PRINT_LIMIT,LOGIN_NECESSITY,SERVICE_STATUS,AUTOFILTER_FLG,INITIAL_FILTER_FLG,DISP_SEQ,NOTE,DISUSE_FLAG,LAST_UPDATE_TIMESTAMP,LAST_UPDATE_USER) VALUES(-160018,STR_TO_DATE('2015/04/01 10:00:00.000000','%Y/%m/%d %H:%i:%s.%f'),'INSERT',2100160018,2100011601,'一意制約(複数項目)作成情報',NULL,NULL,NULL,1,0,1,2,60,NULL,'0',STR_TO_DATE('2015/04/01 10:00:00.000000','%Y/%m/%d %H:%i:%s.%f'),1);


UPDATE A_ROLE_MENU_LINK_LIST SET PRIVILEGE=2 WHERE LINK_ID=2100160001;
UPDATE A_ROLE_MENU_LINK_LIST_JNL SET PRIVILEGE=2 WHERE LINK_ID=2100160001;


INSERT INTO A_ROLE_MENU_LINK_LIST (LINK_ID,ROLE_ID,MENU_ID,PRIVILEGE,NOTE,DISUSE_FLAG,LAST_UPDATE_TIMESTAMP,LAST_UPDATE_USER) VALUES(2100160016,1,2100160016,2,'システム管理者','1',STR_TO_DATE('2015/04/01 10:00:00.000000','%Y/%m/%d %H:%i:%s.%f'),1);
INSERT INTO A_ROLE_MENU_LINK_LIST_JNL (JOURNAL_SEQ_NO,JOURNAL_REG_DATETIME,JOURNAL_ACTION_CLASS,LINK_ID,ROLE_ID,MENU_ID,PRIVILEGE,NOTE,DISUSE_FLAG,LAST_UPDATE_TIMESTAMP,LAST_UPDATE_USER) VALUES(-160016,STR_TO_DATE('2015/04/01 10:00:00.000000','%Y/%m/%d %H:%i:%s.%f'),'INSERT',2100160016,1,2100160016,2,'システム管理者','1',STR_TO_DATE('2015/04/01 10:00:00.000000','%Y/%m/%d %H:%i:%s.%f'),1);
INSERT INTO A_ROLE_MENU_LINK_LIST (LINK_ID,ROLE_ID,MENU_ID,PRIVILEGE,NOTE,DISUSE_FLAG,LAST_UPDATE_TIMESTAMP,LAST_UPDATE_USER) VALUES(2100160017,1,2100160017,2,'システム管理者','1',STR_TO_DATE('2015/04/01 10:00:00.000000','%Y/%m/%d %H:%i:%s.%f'),1);
INSERT INTO A_ROLE_MENU_LINK_LIST_JNL (JOURNAL_SEQ_NO,JOURNAL_REG_DATETIME,JOURNAL_ACTION_CLASS,LINK_ID,ROLE_ID,MENU_ID,PRIVILEGE,NOTE,DISUSE_FLAG,LAST_UPDATE_TIMESTAMP,LAST_UPDATE_USER) VALUES(-160017,STR_TO_DATE('2015/04/01 10:00:00.000000','%Y/%m/%d %H:%i:%s.%f'),'INSERT',2100160017,1,2100160017,2,'システム管理者','1',STR_TO_DATE('2015/04/01 10:00:00.000000','%Y/%m/%d %H:%i:%s.%f'),1);
INSERT INTO A_ROLE_MENU_LINK_LIST (LINK_ID,ROLE_ID,MENU_ID,PRIVILEGE,NOTE,DISUSE_FLAG,LAST_UPDATE_TIMESTAMP,LAST_UPDATE_USER) VALUES(2101160001,2100000002,2100160001,2,'oaseアクション','0',STR_TO_DATE('2015/04/01 10:00:00.000000','%Y/%m/%d %H:%i:%s.%f'),1);
INSERT INTO A_ROLE_MENU_LINK_LIST_JNL (JOURNAL_SEQ_NO,JOURNAL_REG_DATETIME,JOURNAL_ACTION_CLASS,LINK_ID,ROLE_ID,MENU_ID,PRIVILEGE,NOTE,DISUSE_FLAG,LAST_UPDATE_TIMESTAMP,LAST_UPDATE_USER) VALUES(-1000018,STR_TO_DATE('2015/04/01 10:00:00.000000','%Y/%m/%d %H:%i:%s.%f'),'INSERT',2101160001,2100000002,2100160001,2,'oaseアクション','0',STR_TO_DATE('2015/04/01 10:00:00.000000','%Y/%m/%d %H:%i:%s.%f'),1);
INSERT INTO A_ROLE_MENU_LINK_LIST (LINK_ID,ROLE_ID,MENU_ID,PRIVILEGE,NOTE,DISUSE_FLAG,LAST_UPDATE_TIMESTAMP,LAST_UPDATE_USER) VALUES(2101160002,2100000002,2100160002,2,'oaseアクション','0',STR_TO_DATE('2015/04/01 10:00:00.000000','%Y/%m/%d %H:%i:%s.%f'),1);
INSERT INTO A_ROLE_MENU_LINK_LIST_JNL (JOURNAL_SEQ_NO,JOURNAL_REG_DATETIME,JOURNAL_ACTION_CLASS,LINK_ID,ROLE_ID,MENU_ID,PRIVILEGE,NOTE,DISUSE_FLAG,LAST_UPDATE_TIMESTAMP,LAST_UPDATE_USER) VALUES(-1000019,STR_TO_DATE('2015/04/01 10:00:00.000000','%Y/%m/%d %H:%i:%s.%f'),'INSERT',2101160002,2100000002,2100160002,2,'oaseアクション','0',STR_TO_DATE('2015/04/01 10:00:00.000000','%Y/%m/%d %H:%i:%s.%f'),1);
INSERT INTO A_ROLE_MENU_LINK_LIST (LINK_ID,ROLE_ID,MENU_ID,PRIVILEGE,NOTE,DISUSE_FLAG,LAST_UPDATE_TIMESTAMP,LAST_UPDATE_USER) VALUES(2100160018,1,2100160018,1,'システム管理者','1',STR_TO_DATE('2015/04/01 10:00:00.000000','%Y/%m/%d %H:%i:%s.%f'),1);
INSERT INTO A_ROLE_MENU_LINK_LIST_JNL (JOURNAL_SEQ_NO,JOURNAL_REG_DATETIME,JOURNAL_ACTION_CLASS,LINK_ID,ROLE_ID,MENU_ID,PRIVILEGE,NOTE,DISUSE_FLAG,LAST_UPDATE_TIMESTAMP,LAST_UPDATE_USER) VALUES(-160018,STR_TO_DATE('2015/04/01 10:00:00.000000','%Y/%m/%d %H:%i:%s.%f'),'INSERT',2100160018,1,2100160018,1,'システム管理者','1',STR_TO_DATE('2015/04/01 10:00:00.000000','%Y/%m/%d %H:%i:%s.%f'),1);

INSERT INTO B_DP_HIDE_MENU_LIST (HIDE_ID,MENU_ID) VALUES('62','2100160016');

INSERT INTO B_DP_HIDE_MENU_LIST (HIDE_ID,MENU_ID) VALUES('63','2100160017');


INSERT INTO F_OTHER_MENU_LINK (LINK_ID,MENU_ID,COLUMN_DISP_NAME,TABLE_NAME,PRI_NAME,COLUMN_NAME,COLUMN_TYPE,NOTE,DISUSE_FLAG,LAST_UPDATE_TIMESTAMP,LAST_UPDATE_USER) VALUES(2000000012,2100160016,'*-(ブランク)','F_FLAG_MASTER','FLAG_ID','ASTBLANK_STATUS',1,NULL,'0',STR_TO_DATE('2015/04/01 10:00:00.000000','%Y/%m/%d %H:%i:%s.%f'),1);
INSERT INTO F_OTHER_MENU_LINK_JNL (JOURNAL_SEQ_NO,JOURNAL_REG_DATETIME,JOURNAL_ACTION_CLASS,LINK_ID,MENU_ID,COLUMN_DISP_NAME,TABLE_NAME,PRI_NAME,COLUMN_NAME,COLUMN_TYPE,NOTE,DISUSE_FLAG,LAST_UPDATE_TIMESTAMP,LAST_UPDATE_USER) VALUES(2000000012,STR_TO_DATE('2015/04/01 10:00:00.000000','%Y/%m/%d %H:%i:%s.%f'),'INSERT',2000000012,2100160016,'*-(ブランク)','F_FLAG_MASTER','FLAG_ID','ASTBLANK_STATUS',1,NULL,'0',STR_TO_DATE('2015/04/01 10:00:00.000000','%Y/%m/%d %H:%i:%s.%f'),1);
INSERT INTO F_OTHER_MENU_LINK (LINK_ID,MENU_ID,COLUMN_DISP_NAME,TABLE_NAME,PRI_NAME,COLUMN_NAME,COLUMN_TYPE,NOTE,DISUSE_FLAG,LAST_UPDATE_TIMESTAMP,LAST_UPDATE_USER) VALUES(2000000013,2100160017,'True-False','F_FLAG_ALT_MASTER','FLAG_ID','TRUEFALSE_STATUS',1,NULL,'0',STR_TO_DATE('2015/04/01 10:00:00.000000','%Y/%m/%d %H:%i:%s.%f'),1);
INSERT INTO F_OTHER_MENU_LINK_JNL (JOURNAL_SEQ_NO,JOURNAL_REG_DATETIME,JOURNAL_ACTION_CLASS,LINK_ID,MENU_ID,COLUMN_DISP_NAME,TABLE_NAME,PRI_NAME,COLUMN_NAME,COLUMN_TYPE,NOTE,DISUSE_FLAG,LAST_UPDATE_TIMESTAMP,LAST_UPDATE_USER) VALUES(2000000013,STR_TO_DATE('2015/04/01 10:00:00.000000','%Y/%m/%d %H:%i:%s.%f'),'INSERT',2000000013,2100160017,'True-False','F_FLAG_ALT_MASTER','FLAG_ID','TRUEFALSE_STATUS',1,NULL,'0',STR_TO_DATE('2015/04/01 10:00:00.000000','%Y/%m/%d %H:%i:%s.%f'),1);
INSERT INTO F_OTHER_MENU_LINK (LINK_ID,MENU_ID,COLUMN_DISP_NAME,TABLE_NAME,PRI_NAME,COLUMN_NAME,COLUMN_TYPE,NOTE,DISUSE_FLAG,LAST_UPDATE_TIMESTAMP,LAST_UPDATE_USER) VALUES(2000000014,2100160017,'Yes-No','F_FLAG_ALT_MASTER','FLAG_ID','YESNO_STATUS',1,NULL,'0',STR_TO_DATE('2015/04/01 10:00:00.000000','%Y/%m/%d %H:%i:%s.%f'),1);
INSERT INTO F_OTHER_MENU_LINK_JNL (JOURNAL_SEQ_NO,JOURNAL_REG_DATETIME,JOURNAL_ACTION_CLASS,LINK_ID,MENU_ID,COLUMN_DISP_NAME,TABLE_NAME,PRI_NAME,COLUMN_NAME,COLUMN_TYPE,NOTE,DISUSE_FLAG,LAST_UPDATE_TIMESTAMP,LAST_UPDATE_USER) VALUES(2000000014,STR_TO_DATE('2015/04/01 10:00:00.000000','%Y/%m/%d %H:%i:%s.%f'),'INSERT',2000000014,2100160017,'Yes-No','F_FLAG_ALT_MASTER','FLAG_ID','YESNO_STATUS',1,NULL,'0',STR_TO_DATE('2015/04/01 10:00:00.000000','%Y/%m/%d %H:%i:%s.%f'),1);


UPDATE F_MENU_REFERENCE_ITEM SET MENU_ID=2100000205,ORIGINAL_MENU_FLAG=1 WHERE ITEM_ID=2000000001;
UPDATE F_MENU_REFERENCE_ITEM SET MENU_ID=2100000208,ORIGINAL_MENU_FLAG=1 WHERE ITEM_ID=2000000003;
UPDATE F_MENU_REFERENCE_ITEM SET MENU_ID=2100000303,ORIGINAL_MENU_FLAG=1 WHERE ITEM_ID=2000000004;
UPDATE F_MENU_REFERENCE_ITEM SET MENU_ID=2100000303,ORIGINAL_MENU_FLAG=1 WHERE ITEM_ID=2000000005;
UPDATE F_MENU_REFERENCE_ITEM SET MENU_ID=2100000303,ORIGINAL_MENU_FLAG=1 WHERE ITEM_ID=2000000006;

UPDATE F_MENU_REFERENCE_ITEM_JNL SET MENU_ID=2100000205,ORIGINAL_MENU_FLAG=1 WHERE ITEM_ID=2000000001;
UPDATE F_MENU_REFERENCE_ITEM_JNL SET MENU_ID=2100000208,ORIGINAL_MENU_FLAG=1 WHERE ITEM_ID=2000000003;
UPDATE F_MENU_REFERENCE_ITEM_JNL SET MENU_ID=2100000303,ORIGINAL_MENU_FLAG=1 WHERE ITEM_ID=2000000004;
UPDATE F_MENU_REFERENCE_ITEM_JNL SET MENU_ID=2100000303,ORIGINAL_MENU_FLAG=1 WHERE ITEM_ID=2000000005;
UPDATE F_MENU_REFERENCE_ITEM_JNL SET MENU_ID=2100000303,ORIGINAL_MENU_FLAG=1 WHERE ITEM_ID=2000000006;


INSERT INTO F_MENU_CREATE_STATUS (MENU_CREATE_STATUS,MENU_CREATE_STATUS_SELECT,NOTE,DISUSE_FLAG,LAST_UPDATE_TIMESTAMP,LAST_UPDATE_USER) VALUES(1,'未作成',NULL,'0',STR_TO_DATE('2015/04/01 10:00:00.000000','%Y/%m/%d %H:%i:%s.%f'),1);
INSERT INTO F_MENU_CREATE_STATUS_JNL (JOURNAL_SEQ_NO,JOURNAL_REG_DATETIME,JOURNAL_ACTION_CLASS,MENU_CREATE_STATUS,MENU_CREATE_STATUS_SELECT,NOTE,DISUSE_FLAG,LAST_UPDATE_TIMESTAMP,LAST_UPDATE_USER) VALUES(1,STR_TO_DATE('2015/04/01 10:00:00.000000','%Y/%m/%d %H:%i:%s.%f'),'INSERT',1,'未作成',NULL,'0',STR_TO_DATE('2015/04/01 10:00:00.000000','%Y/%m/%d %H:%i:%s.%f'),1);
INSERT INTO F_MENU_CREATE_STATUS (MENU_CREATE_STATUS,MENU_CREATE_STATUS_SELECT,NOTE,DISUSE_FLAG,LAST_UPDATE_TIMESTAMP,LAST_UPDATE_USER) VALUES(2,'作成済み',NULL,'0',STR_TO_DATE('2015/04/01 10:00:00.000000','%Y/%m/%d %H:%i:%s.%f'),1);
INSERT INTO F_MENU_CREATE_STATUS_JNL (JOURNAL_SEQ_NO,JOURNAL_REG_DATETIME,JOURNAL_ACTION_CLASS,MENU_CREATE_STATUS,MENU_CREATE_STATUS_SELECT,NOTE,DISUSE_FLAG,LAST_UPDATE_TIMESTAMP,LAST_UPDATE_USER) VALUES(2,STR_TO_DATE('2015/04/01 10:00:00.000000','%Y/%m/%d %H:%i:%s.%f'),'INSERT',2,'作成済み',NULL,'0',STR_TO_DATE('2015/04/01 10:00:00.000000','%Y/%m/%d %H:%i:%s.%f'),1);

INSERT INTO F_FLAG_MASTER (FLAG_ID,ASTBLANK_STATUS,DISP_SEQ,NOTE,DISUSE_FLAG,LAST_UPDATE_TIMESTAMP,LAST_UPDATE_USER) VALUES(1,'*',1,NULL,'0',STR_TO_DATE('2015/04/01 10:00:00.000000','%Y/%m/%d %H:%i:%s.%f'),1);
INSERT INTO F_FLAG_MASTER_JNL (JOURNAL_SEQ_NO,JOURNAL_REG_DATETIME,JOURNAL_ACTION_CLASS,FLAG_ID,ASTBLANK_STATUS,DISP_SEQ,NOTE,DISUSE_FLAG,LAST_UPDATE_TIMESTAMP,LAST_UPDATE_USER) VALUES(1,STR_TO_DATE('2015/04/01 10:00:00.000000','%Y/%m/%d %H:%i:%s.%f'),'INSERT',1,'*',1,NULL,'0',STR_TO_DATE('2015/04/01 10:00:00.000000','%Y/%m/%d %H:%i:%s.%f'),1);

INSERT INTO F_FLAG_ALT_MASTER (FLAG_ID,YESNO_STATUS,TRUEFALSE_STATUS,DISP_SEQ,NOTE,DISUSE_FLAG,LAST_UPDATE_TIMESTAMP,LAST_UPDATE_USER) VALUES(1,'Yes','True',1,NULL,'0',STR_TO_DATE('2015/04/01 10:00:00.000000','%Y/%m/%d %H:%i:%s.%f'),1);
INSERT INTO F_FLAG_ALT_MASTER_JNL (JOURNAL_SEQ_NO,JOURNAL_REG_DATETIME,JOURNAL_ACTION_CLASS,FLAG_ID,YESNO_STATUS,TRUEFALSE_STATUS,DISP_SEQ,NOTE,DISUSE_FLAG,LAST_UPDATE_TIMESTAMP,LAST_UPDATE_USER) VALUES(1,STR_TO_DATE('2015/04/01 10:00:00.000000','%Y/%m/%d %H:%i:%s.%f'),'INSERT',1,'Yes','True',1,NULL,'0',STR_TO_DATE('2015/04/01 10:00:00.000000','%Y/%m/%d %H:%i:%s.%f'),1);
INSERT INTO F_FLAG_ALT_MASTER (FLAG_ID,YESNO_STATUS,TRUEFALSE_STATUS,DISP_SEQ,NOTE,DISUSE_FLAG,LAST_UPDATE_TIMESTAMP,LAST_UPDATE_USER) VALUES(2,'No','False',2,NULL,'0',STR_TO_DATE('2015/04/01 10:00:00.000000','%Y/%m/%d %H:%i:%s.%f'),1);
INSERT INTO F_FLAG_ALT_MASTER_JNL (JOURNAL_SEQ_NO,JOURNAL_REG_DATETIME,JOURNAL_ACTION_CLASS,FLAG_ID,YESNO_STATUS,TRUEFALSE_STATUS,DISP_SEQ,NOTE,DISUSE_FLAG,LAST_UPDATE_TIMESTAMP,LAST_UPDATE_USER) VALUES(2,STR_TO_DATE('2015/04/01 10:00:00.000000','%Y/%m/%d %H:%i:%s.%f'),'INSERT',2,'No','False',2,NULL,'0',STR_TO_DATE('2015/04/01 10:00:00.000000','%Y/%m/%d %H:%i:%s.%f'),1);
