
-- ----更新系テーブル作成
CREATE TABLE B_COBBLER_IF_INFO
(
COBBLER_IF_INFO_ID                NUMBER                           ,

COBBLER_STORAGE_PATH_LNX          VARCHAR2(256)                    ,

DISP_SEQ                          NUMBER                           , -- 表示順序
NOTE                              VARCHAR2(4000)                   , -- 備考
DISUSE_FLAG                       VARCHAR2(1)                      , -- 廃止フラグ
LAST_UPDATE_TIMESTAMP             TIMESTAMP                        , -- 最終更新日時
LAST_UPDATE_USER                  NUMBER                           , -- 最終更新ユーザ

PRIMARY KEY (COBBLER_IF_INFO_ID)
);
-- 更新系テーブル作成----

-- ----履歴系テーブル作成
CREATE TABLE B_COBBLER_IF_INFO_JNL
(
JOURNAL_SEQ_NO                    NUMBER                           , -- 履歴用シーケンス
JOURNAL_REG_DATETIME              TIMESTAMP                        , -- 履歴用変更日時
JOURNAL_ACTION_CLASS              VARCHAR2(8)                      , -- 履歴用変更種別

COBBLER_IF_INFO_ID                NUMBER                           ,

COBBLER_STORAGE_PATH_LNX          VARCHAR2(256)                    ,

DISP_SEQ                          NUMBER                           , -- 表示順序
NOTE                              VARCHAR2(4000)                   , -- 備考
DISUSE_FLAG                       VARCHAR2(1)                      , -- 廃止フラグ
LAST_UPDATE_TIMESTAMP             TIMESTAMP                        , -- 最終更新日時
LAST_UPDATE_USER                  NUMBER                           , -- 最終更新ユーザ
PRIMARY KEY(JOURNAL_SEQ_NO)
);
-- 履歴系テーブル作成----

INSERT INTO A_MENU_GROUP_LIST (MENU_GROUP_ID,MENU_GROUP_NAME,MENU_GROUP_ICON,DISP_SEQ,NOTE,DISUSE_FLAG,LAST_UPDATE_TIMESTAMP,LAST_UPDATE_USER) VALUES(2100030001,'Cobbler','cobbler.png',110,'Cobbler','0',TO_TIMESTAMP('2015/04/01 00:00:00.000000','YYYY/MM/DD/ HH24:MI:SS.FF6'),1);
INSERT INTO A_MENU_GROUP_LIST_JNL (JOURNAL_SEQ_NO,JOURNAL_REG_DATETIME,JOURNAL_ACTION_CLASS,MENU_GROUP_ID,MENU_GROUP_NAME,MENU_GROUP_ICON,DISP_SEQ,NOTE,DISUSE_FLAG,LAST_UPDATE_TIMESTAMP,LAST_UPDATE_USER) VALUES(-30001,TO_TIMESTAMP('2015/04/01 00:00:00.000000','YYYY/MM/DD/ HH24:MI:SS.FF6'),'INSERT',2100030001,'Cobbler','cobbler.png',110,'Cobbler','0',TO_TIMESTAMP('2015/04/01 00:00:00.000000','YYYY/MM/DD/ HH24:MI:SS.FF6'),1);

INSERT INTO A_MENU_LIST (MENU_ID,MENU_GROUP_ID,MENU_NAME,WEB_PRINT_LIMIT,WEB_PRINT_CONFIRM,XLS_PRINT_LIMIT,LOGIN_NECESSITY,SERVICE_STATUS,AUTOFILTER_FLG,INITIAL_FILTER_FLG,DISP_SEQ,NOTE,DISUSE_FLAG,LAST_UPDATE_TIMESTAMP,LAST_UPDATE_USER) VALUES(2100030102,2100030001,'インターフェース情報',NULL,NULL,NULL,1,0,1,1,2,'if_info_master','0',TO_TIMESTAMP('2015/04/01 00:00:00.000000','YYYY/MM/DD/ HH24:MI:SS.FF6'),1);
INSERT INTO A_MENU_LIST_JNL (JOURNAL_SEQ_NO,JOURNAL_REG_DATETIME,JOURNAL_ACTION_CLASS,MENU_ID,MENU_GROUP_ID,MENU_NAME,WEB_PRINT_LIMIT,WEB_PRINT_CONFIRM,XLS_PRINT_LIMIT,LOGIN_NECESSITY,SERVICE_STATUS,AUTOFILTER_FLG,INITIAL_FILTER_FLG,DISP_SEQ,NOTE,DISUSE_FLAG,LAST_UPDATE_TIMESTAMP,LAST_UPDATE_USER) VALUES(-30102,TO_TIMESTAMP('2015/04/01 00:00:00.000000','YYYY/MM/DD/ HH24:MI:SS.FF6'),'INSERT',2100030102,2100030001,'インターフェース情報',NULL,NULL,NULL,1,0,1,1,2,'if_info_master','0',TO_TIMESTAMP('2015/04/01 00:00:00.000000','YYYY/MM/DD/ HH24:MI:SS.FF6'),1);
INSERT INTO A_MENU_LIST (MENU_ID,MENU_GROUP_ID,MENU_NAME,WEB_PRINT_LIMIT,WEB_PRINT_CONFIRM,XLS_PRINT_LIMIT,LOGIN_NECESSITY,SERVICE_STATUS,AUTOFILTER_FLG,INITIAL_FILTER_FLG,DISP_SEQ,NOTE,DISUSE_FLAG,LAST_UPDATE_TIMESTAMP,LAST_UPDATE_USER) VALUES(2100030103,2100030001,'プロファイルリスト',NULL,NULL,NULL,1,0,1,1,3,'profile_list','0',TO_TIMESTAMP('2015/04/01 00:00:00.000000','YYYY/MM/DD/ HH24:MI:SS.FF6'),1);
INSERT INTO A_MENU_LIST_JNL (JOURNAL_SEQ_NO,JOURNAL_REG_DATETIME,JOURNAL_ACTION_CLASS,MENU_ID,MENU_GROUP_ID,MENU_NAME,WEB_PRINT_LIMIT,WEB_PRINT_CONFIRM,XLS_PRINT_LIMIT,LOGIN_NECESSITY,SERVICE_STATUS,AUTOFILTER_FLG,INITIAL_FILTER_FLG,DISP_SEQ,NOTE,DISUSE_FLAG,LAST_UPDATE_TIMESTAMP,LAST_UPDATE_USER) VALUES(-30103,TO_TIMESTAMP('2015/04/01 00:00:00.000000','YYYY/MM/DD/ HH24:MI:SS.FF6'),'INSERT',2100030103,2100030001,'プロファイルリスト',NULL,NULL,NULL,1,0,1,1,3,'profile_list','0',TO_TIMESTAMP('2015/04/01 00:00:00.000000','YYYY/MM/DD/ HH24:MI:SS.FF6'),1);

INSERT INTO A_ACCOUNT_LIST (USER_ID,USERNAME,PASSWORD,USERNAME_JP,MAIL_ADDRESS,NOTE,DISUSE_FLAG,LAST_UPDATE_TIMESTAMP,LAST_UPDATE_USER) VALUES(-100007,'c5s','5ebbc37e034d6874a2af59eb04beaa52','cobbler同期管理プロシージャ','sample@xxx.bbb.ccc','cobbler同期管理プロシージャ','H',TO_TIMESTAMP('2015/04/01 00:00:00.000000','YYYY/MM/DD/ HH24:MI:SS.FF6'),1);
INSERT INTO A_ACCOUNT_LIST_JNL (JOURNAL_SEQ_NO,JOURNAL_REG_DATETIME,JOURNAL_ACTION_CLASS,USER_ID,USERNAME,PASSWORD,USERNAME_JP,MAIL_ADDRESS,NOTE,DISUSE_FLAG,LAST_UPDATE_TIMESTAMP,LAST_UPDATE_USER) VALUES(-100007,TO_TIMESTAMP('2015/04/01 00:00:00.000000','YYYY/MM/DD/ HH24:MI:SS.FF6'),'INSERT',-100007,'c5s','5ebbc37e034d6874a2af59eb04beaa52','cobbler同期管理プロシージャ','sample@xxx.bbb.ccc','cobbler同期管理プロシージャ','H',TO_TIMESTAMP('2015/04/01 00:00:00.000000','YYYY/MM/DD/ HH24:MI:SS.FF6'),1);

INSERT INTO A_ROLE_MENU_LINK_LIST (LINK_ID,ROLE_ID,MENU_ID,PRIVILEGE,NOTE,DISUSE_FLAG,LAST_UPDATE_TIMESTAMP,LAST_UPDATE_USER) VALUES(2100030102,1,2100030102,1,'システム管理者','0',TO_TIMESTAMP('2015/04/01 00:00:00.000000','YYYY/MM/DD/ HH24:MI:SS.FF6'),1);
INSERT INTO A_ROLE_MENU_LINK_LIST_JNL (JOURNAL_SEQ_NO,JOURNAL_REG_DATETIME,JOURNAL_ACTION_CLASS,LINK_ID,ROLE_ID,MENU_ID,PRIVILEGE,NOTE,DISUSE_FLAG,LAST_UPDATE_TIMESTAMP,LAST_UPDATE_USER) VALUES(-30102,TO_TIMESTAMP('2015/04/01 00:00:00.000000','YYYY/MM/DD/ HH24:MI:SS.FF6'),'INSERT',2100030102,1,2100030102,1,'システム管理者','0',TO_TIMESTAMP('2015/04/01 00:00:00.000000','YYYY/MM/DD/ HH24:MI:SS.FF6'),1);
INSERT INTO A_ROLE_MENU_LINK_LIST (LINK_ID,ROLE_ID,MENU_ID,PRIVILEGE,NOTE,DISUSE_FLAG,LAST_UPDATE_TIMESTAMP,LAST_UPDATE_USER) VALUES(2100030103,1,2100030103,2,'システム管理者','0',TO_TIMESTAMP('2015/04/01 00:00:00.000000','YYYY/MM/DD/ HH24:MI:SS.FF6'),1);
INSERT INTO A_ROLE_MENU_LINK_LIST_JNL (JOURNAL_SEQ_NO,JOURNAL_REG_DATETIME,JOURNAL_ACTION_CLASS,LINK_ID,ROLE_ID,MENU_ID,PRIVILEGE,NOTE,DISUSE_FLAG,LAST_UPDATE_TIMESTAMP,LAST_UPDATE_USER) VALUES(-30103,TO_TIMESTAMP('2015/04/01 00:00:00.000000','YYYY/MM/DD/ HH24:MI:SS.FF6'),'INSERT',2100030103,1,2100030103,2,'システム管理者','0',TO_TIMESTAMP('2015/04/01 00:00:00.000000','YYYY/MM/DD/ HH24:MI:SS.FF6'),1);

INSERT INTO B_COBBLER_IF_INFO (COBBLER_IF_INFO_ID,COBBLER_STORAGE_PATH_LNX,DISP_SEQ,NOTE,DISUSE_FLAG,LAST_UPDATE_TIMESTAMP,LAST_UPDATE_USER) VALUES(1,'%%%%%ITA_DIRECTORY%%%%%/data_relay_storage/cobbler_driver',1,NULL,'0',TO_TIMESTAMP('2015/04/01 00:00:00.000000','YYYY/MM/DD/ HH24:MI:SS.FF6'),1);
INSERT INTO B_COBBLER_IF_INFO_JNL (JOURNAL_SEQ_NO,JOURNAL_REG_DATETIME,JOURNAL_ACTION_CLASS,COBBLER_IF_INFO_ID,COBBLER_STORAGE_PATH_LNX,DISP_SEQ,NOTE,DISUSE_FLAG,LAST_UPDATE_TIMESTAMP,LAST_UPDATE_USER) VALUES(1,TO_TIMESTAMP('2015/04/01 00:00:00.000000','YYYY/MM/DD/ HH24:MI:SS.FF6'),'INSERT',1,'%%%%%ITA_DIRECTORY%%%%%/data_relay_storage/cobbler_driver',1,NULL,'0',TO_TIMESTAMP('2015/04/01 00:00:00.000000','YYYY/MM/DD/ HH24:MI:SS.FF6'),1);


COMMIT;

EXIT;
